id,data_inversa,uf,br,municipio,causa_acidente,tipo_acidente,classificacao_acidente,fase_dia,condicao_metereologica,tipo_pista,uso_solo,tipo_veiculo,estado_fisico,idade,sexo
173746,01/01/2007,RN,101,EXTREMOZ,Falta de atenção,Saída de Pista,Sem Vítimas        ,Plena noite,Ceu Claro,Simples ,Rural ,Camioneta,Ileso       ,40.0,Masculino
173937,01/01/2007,RN,304,MACAIBA,Outras,Colisão com objeto móvel,Com Vítimas Feridas,Plena noite,Ceu Claro,Simples ,Rural ,Motocicletas,Ferido Grave,23.0,Masculino
173943,01/01/2007,RN,101,SAO GONCALO DO AMARANTE,Não guardar distância de segurança,Colisão traseira,Sem Vítimas        ,Anoitecer,Ceu Claro,Dupla   ,Urbano,Automóvel,Ileso       ,-1.0,Masculino
173943,01/01/2007,RN,101,SAO GONCALO DO AMARANTE,Não guardar distância de segurança,Colisão traseira,Sem Vítimas        ,Anoitecer,Ceu Claro,Dupla   ,Urbano,Automóvel,Ileso       ,-1.0,Masculino
173965,01/01/2007,RN,101,PARNAMIRIM,Ingestão de álcool,Colisão traseira,Sem Vítimas        ,Pleno dia,Ceu Claro,Dupla   ,Rural ,Automóvel,Ileso       ,32.0,Masculino
173965,01/01/2007,RN,101,PARNAMIRIM,Ingestão de álcool,Colisão traseira,Sem Vítimas        ,Pleno dia,Ceu Claro,Dupla   ,Rural ,Automóvel,Ileso       ,24.0,Masculino
173965,01/01/2007,RN,101,PARNAMIRIM,Ingestão de álcool,Colisão traseira,Sem Vítimas        ,Pleno dia,Ceu Claro,Dupla   ,Rural ,Automóvel,Ileso       ,28.0,Masculino
173991,01/01/2007,RN,304,MOSSORO,Não guardar distância de segurança,Colisão traseira,Sem Vítimas        ,Pleno dia,Ceu Claro,Simples ,Urbano,Automóvel,Ileso       ,42.0,Masculino
173991,01/01/2007,RN,304,MOSSORO,Não guardar distância de segurança,Colisão traseira,Sem Vítimas        ,Pleno dia,Ceu Claro,Simples ,Urbano,Automóvel,Ileso       ,33.0,Masculino
174009,01/01/2007,RN,101,EXTREMOZ,Não guardar distância de segurança,Colisão traseira,Sem Vítimas        ,Pleno dia,Ceu Claro,Simples ,Rural ,Camioneta,Ileso       ,26.0,Masculino
174009,01/01/2007,RN,101,EXTREMOZ,Não guardar distância de segurança,Colisão traseira,Sem Vítimas        ,Pleno dia,Ceu Claro,Simples ,Rural ,Automóvel,Ileso       ,21.0,Masculino
174170,02/01/2007,RN,226,MACAIBA,Defeito na via,Colisão lateral,Com Vítimas Feridas,Pleno dia,Nublado,Simples ,Urbano,Automóvel,Ileso       ,55.0,Masculino
174170,02/01/2007,RN,226,MACAIBA,Defeito na via,Colisão lateral,Com Vítimas Feridas,Pleno dia,Nublado,Simples ,Urbano,Motocicletas,Ferido Leve ,32.0,Masculino
174172,02/01/2007,RN,101,ARES,Não guardar distância de segurança,Colisão traseira,Sem Vítimas        ,Pleno dia,Nublado,Simples ,Rural ,Automóvel,Ileso       ,26.0,Masculino
174172,02/01/2007,RN,101,ARES,Não guardar distância de segurança,Colisão traseira,Sem Vítimas        ,Pleno dia,Nublado,Simples ,Rural ,Automóvel,Ileso       ,20.0,Masculino
174172,02/01/2007,RN,101,ARES,Não guardar distância de segurança,Colisão traseira,Sem Vítimas        ,Pleno dia,Nublado,Simples ,Rural ,Automóvel,Ileso       ,33.0,Masculino
174180,02/01/2007,RN,101,CEARA-MIRIM,Outras,Colisão Transversal,Com Vítimas Feridas,Pleno dia,Nublado,Simples ,Urbano,Caminhão,Ferido Leve ,28.0,Não Informado
174180,02/01/2007,RN,101,CEARA-MIRIM,Outras,Colisão Transversal,Com Vítimas Feridas,Pleno dia,Nublado,Simples ,Urbano,Automóvel,Ferido Grave,71.0,Masculino
174466,02/01/2007,RN,304,MOSSORO,Animais na Pista,Atropelamento de animal,Sem Vítimas        ,Plena noite,Ceu Claro,Simples ,Rural ,Automóvel,Ileso       ,40.0,Masculino
174510,02/01/2007,RN,110,MOSSORO,Não guardar distância de segurança,Colisão traseira,Sem Vítimas        ,Plena noite,Ceu Claro,Simples ,Urbano,Automóvel,Ileso       ,49.0,Masculino
174510,02/01/2007,RN,110,MOSSORO,Não guardar distância de segurança,Colisão traseira,Sem Vítimas        ,Plena noite,Ceu Claro,Simples ,Urbano,Automóvel,Ileso       ,41.0,Masculino
174529,02/01/2007,RN,101,NATAL,Não guardar distância de segurança,Colisão traseira,Com Vítimas Feridas,Plena noite,Ceu Claro,Múltipla,Urbano,Motocicletas,Ferido Leve ,21.0,Masculino
174529,02/01/2007,RN,101,NATAL,Não guardar distância de segurança,Colisão traseira,Com Vítimas Feridas,Plena noite,Ceu Claro,Múltipla,Urbano,Automóvel,Ileso       ,46.0,Não Informado
174572,02/01/2007,RN,101,SAO JOSE DE MIPIBU,Outras,Colisão Transversal,Com Vítimas Feridas,Anoitecer,Ceu Claro,Simples ,Urbano,Automóvel,Ileso       ,58.0,Masculino
174572,02/01/2007,RN,101,SAO JOSE DE MIPIBU,Outras,Colisão Transversal,Com Vítimas Feridas,Anoitecer,Ceu Claro,Simples ,Urbano,Motocicletas,Ferido Grave,-1.0,Feminino
174574,02/01/2007,RN,304,MOSSORO,Falta de atenção,Colisão traseira,Sem Vítimas        ,Pleno dia,Ceu Claro,Simples ,Urbano,Automóvel,Ileso       ,46.0,Masculino
174574,02/01/2007,RN,304,MOSSORO,Falta de atenção,Colisão traseira,Sem Vítimas        ,Pleno dia,Ceu Claro,Simples ,Urbano,Automóvel,Ileso       ,63.0,Masculino
174581,02/01/2007,RN,406,GUAMARE,Outras,Capotamento,Com Vítimas Feridas,Plena noite,Ceu Claro,Simples ,Rural ,Camioneta,Ferido Leve ,42.0,Masculino
174606,02/01/2007,RN,406,JANDAIRA,Falta de atenção,Colisão lateral,Com Vítimas Fatais ,Plena noite,Ceu Claro,Simples ,Rural ,Caminhão-Trator,Ileso       ,51.0,Masculino
174606,02/01/2007,RN,406,JANDAIRA,Falta de atenção,Colisão lateral,Com Vítimas Fatais ,Plena noite,Ceu Claro,Simples ,Rural ,Automóvel,Ileso       ,40.0,Masculino
174606,02/01/2007,RN,406,JANDAIRA,Falta de atenção,Colisão lateral,Com Vítimas Fatais ,Plena noite,Ceu Claro,Simples ,Rural ,Automóvel,Ferido Leve ,15.0,Feminino
174606,02/01/2007,RN,406,JANDAIRA,Falta de atenção,Colisão lateral,Com Vítimas Fatais ,Plena noite,Ceu Claro,Simples ,Rural ,Automóvel,Morto       ,17.0,Feminino
174606,02/01/2007,RN,406,JANDAIRA,Falta de atenção,Colisão lateral,Com Vítimas Fatais ,Plena noite,Ceu Claro,Simples ,Rural ,Automóvel,Ferido Leve ,-1.0,Feminino
174724,03/01/2007,RN,304,MOSSORO,Falta de atenção,Colisão lateral,Sem Vítimas        ,Pleno dia,Nublado,Simples ,Urbano,Caminhonete,Ileso       ,44.0,Masculino
174724,03/01/2007,RN,304,MOSSORO,Falta de atenção,Colisão lateral,Sem Vítimas        ,Pleno dia,Nublado,Simples ,Urbano,Automóvel,Ileso       ,25.0,Masculino
174774,03/01/2007,RN,101,NATAL,Não guardar distância de segurança,Colisão traseira,Sem Vítimas        ,Amanhecer,Ceu Claro,Dupla   ,Urbano,Automóvel,Ileso       ,35.0,Feminino
174774,03/01/2007,RN,101,NATAL,Não guardar distância de segurança,Colisão traseira,Sem Vítimas        ,Amanhecer,Ceu Claro,Dupla   ,Urbano,Automóvel,Ileso       ,45.0,Não Informado
175168,01/01/2007,RN,101,NATAL,Não guardar distância de segurança,Colisão lateral,Sem Vítimas        ,Plena noite,Ceu Claro,Simples ,Urbano,Automóvel,Ileso       ,34.0,Masculino
175168,01/01/2007,RN,101,NATAL,Não guardar distância de segurança,Colisão lateral,Sem Vítimas        ,Plena noite,Ceu Claro,Simples ,Urbano,Camioneta,Ileso       ,-1.0,Feminino
175216,04/01/2007,RN,101,CEARA-MIRIM,Desobediência à sinalização,Colisão Transversal,Com Vítimas Feridas,Pleno dia,Chuva,Simples ,Rural ,Automóvel,Ignorado    ,-1.0,Não Informado
175216,04/01/2007,RN,101,CEARA-MIRIM,Desobediência à sinalização,Colisão Transversal,Com Vítimas Feridas,Pleno dia,Chuva,Simples ,Rural ,Automóvel,Ferido Grave,-1.0,Masculino
175216,04/01/2007,RN,101,CEARA-MIRIM,Desobediência à sinalização,Colisão Transversal,Com Vítimas Feridas,Pleno dia,Chuva,Simples ,Rural ,Caminhonete,Ferido Leve ,68.0,Masculino
175248,01/01/2007,RN,304,MOSSORO,Outras,Colisão com objeto móvel,Com Vítimas Fatais ,Plena noite,Ceu Claro,Simples ,Urbano,(null),Morto       ,-1.0,Masculino
175302,04/01/2007,RN,226,BOM JESUS,Falta de atenção,Capotamento,Com Vítimas Feridas,Pleno dia,Chuva,Simples ,Rural ,Caminhonete,Ileso       ,31.0,Masculino
175302,04/01/2007,RN,226,BOM JESUS,Falta de atenção,Capotamento,Com Vítimas Feridas,Pleno dia,Chuva,Simples ,Rural ,Caminhonete,Ferido Leve ,-1.0,Masculino
175338,04/01/2007,RN,101,NATAL,Outras,Colisão lateral,Sem Vítimas        ,Pleno dia,Ceu Claro,Simples ,Urbano,Automóvel,Ileso       ,27.0,Masculino
175338,04/01/2007,RN,101,NATAL,Outras,Colisão lateral,Sem Vítimas        ,Pleno dia,Ceu Claro,Simples ,Urbano,Caminhonete,Ileso       ,66.0,Masculino
175365,01/01/2007,RN,304,MOSSORO,Falta de atenção,Colisão Transversal,Com Vítimas Feridas,Plena noite,Ceu Claro,Dupla   ,Urbano,Ônibus,Ileso       ,47.0,Masculino
175365,01/01/2007,RN,304,MOSSORO,Falta de atenção,Colisão Transversal,Com Vítimas Feridas,Plena noite,Ceu Claro,Dupla   ,Urbano,Motoneta,Ferido Leve ,14.0,Masculino
175365,01/01/2007,RN,304,MOSSORO,Falta de atenção,Colisão Transversal,Com Vítimas Feridas,Plena noite,Ceu Claro,Dupla   ,Urbano,Motoneta,Ferido Leve ,19.0,Masculino
175369,04/01/2007,RN,304,MACAIBA,Falta de atenção,Colisão traseira,Sem Vítimas        ,Pleno dia,Ceu Claro,Simples ,Urbano,Caminhão,Ileso       ,48.0,Masculino
175369,04/01/2007,RN,304,MACAIBA,Falta de atenção,Colisão traseira,Sem Vítimas        ,Pleno dia,Ceu Claro,Simples ,Urbano,Automóvel,Ileso       ,44.0,Masculino
175394,02/01/2007,RN,304,MOSSORO,Falta de atenção,Colisão traseira,Com Vítimas Feridas,Pleno dia,Sol,Simples ,Urbano,Utilitário,Ileso       ,45.0,Masculino
175394,02/01/2007,RN,304,MOSSORO,Falta de atenção,Colisão traseira,Com Vítimas Feridas,Pleno dia,Sol,Simples ,Urbano,Motocicletas,Ileso       ,51.0,Masculino
175394,02/01/2007,RN,304,MOSSORO,Falta de atenção,Colisão traseira,Com Vítimas Feridas,Pleno dia,Sol,Simples ,Urbano,Motocicletas,Ferido Leve ,55.0,Feminino
175662,05/01/2007,RN,226,BOM JESUS,Outras,Capotamento,Sem Vítimas        ,Pleno dia,Chuva,Simples ,Rural ,Automóvel,Ileso       ,32.0,Masculino
175803,02/01/2007,RN,304,MOSSORO,Não guardar distância de segurança,Colisão traseira,Sem Vítimas        ,Pleno dia,Ceu Claro,Simples ,Urbano,Caminhonete,Ileso       ,25.0,Feminino
175803,02/01/2007,RN,304,MOSSORO,Não guardar distância de segurança,Colisão traseira,Sem Vítimas        ,Pleno dia,Ceu Claro,Simples ,Urbano,Camioneta,Ileso       ,50.0,Masculino
175803,02/01/2007,RN,304,MOSSORO,Não guardar distância de segurança,Colisão traseira,Sem Vítimas        ,Pleno dia,Ceu Claro,Simples ,Urbano,Caminhonete,Ileso       ,44.0,Masculino
175861,05/01/2007,RN,101,PARNAMIRIM,Não guardar distância de segurança,Colisão traseira,Sem Vítimas        ,Pleno dia,Ceu Claro,Dupla   ,Urbano,Caminhão-Trator,Ileso       ,43.0,Masculino
175861,05/01/2007,RN,101,PARNAMIRIM,Não guardar distância de segurança,Colisão traseira,Sem Vítimas        ,Pleno dia,Ceu Claro,Dupla   ,Urbano,Caminhão,Ileso       ,22.0,Masculino
176024,02/01/2007,RN,304,MACAIBA,Outras,Capotamento,Sem Vítimas        ,Plena noite,Ceu Claro,Simples ,Rural ,Automóvel,Ileso       ,46.0,Masculino
176024,02/01/2007,RN,304,MACAIBA,Outras,Capotamento,Sem Vítimas        ,Plena noite,Ceu Claro,Simples ,Rural ,Caminhão,Ileso       ,-1.0,Não Informado
176065,06/01/2007,RN,101,PARNAMIRIM,Animais na Pista,Atropelamento de animal,Com Vítimas Feridas,Pleno dia,Ceu Claro,Dupla   ,Urbano,Motocicletas,Ferido Leve ,29.0,Masculino
176083,03/01/2007,RN,226,SENADOR ELOI DE SOUZA,Outras,Colisão Transversal,Com Vítimas Fatais ,Pleno dia,Sol,Simples ,Rural ,Motocicletas,Ferido Grave,19.0,Feminino
176083,03/01/2007,RN,226,SENADOR ELOI DE SOUZA,Outras,Colisão Transversal,Com Vítimas Fatais ,Pleno dia,Sol,Simples ,Rural ,Caminhonete,Ileso       ,64.0,Masculino
176083,03/01/2007,RN,226,SENADOR ELOI DE SOUZA,Outras,Colisão Transversal,Com Vítimas Fatais ,Pleno dia,Sol,Simples ,Rural ,Motocicletas,Morto       ,22.0,Feminino
176132,05/01/2007,RN,304,LAJES,Outras,Colisão frontal,Com Vítimas Fatais ,Plena noite,Ceu Claro,Simples ,Rural ,Caminhão-Trator,Ileso       ,33.0,Masculino
176132,05/01/2007,RN,304,LAJES,Outras,Colisão frontal,Com Vítimas Fatais ,Plena noite,Ceu Claro,Simples ,Rural ,Automóvel,Morto       ,30.0,Masculino
176132,05/01/2007,RN,304,LAJES,Outras,Colisão frontal,Com Vítimas Fatais ,Plena noite,Ceu Claro,Simples ,Rural ,Automóvel,Morto       ,32.0,Feminino
176132,05/01/2007,RN,304,LAJES,Outras,Colisão frontal,Com Vítimas Fatais ,Plena noite,Ceu Claro,Simples ,Rural ,Automóvel,Morto       ,-1.0,Não Informado
176202,06/01/2007,RN,110,MOSSORO,Dormindo,Saída de Pista,Com Vítimas Feridas,Pleno dia,Ceu Claro,Simples ,Rural ,Automóvel,Ferido Leve ,38.0,Masculino
176220,04/01/2007,RN,101,NATAL,Falta de atenção,Colisão lateral,Sem Vítimas        ,Anoitecer,Ceu Claro,Múltipla,Urbano,Caminhonete,Ileso       ,50.0,Masculino
176220,04/01/2007,RN,101,NATAL,Falta de atenção,Colisão lateral,Sem Vítimas        ,Anoitecer,Ceu Claro,Múltipla,Urbano,Camioneta,Ileso       ,36.0,Masculino
176265,06/01/2007,RN,101,NATAL,Outras,Colisão com bicicleta,Com Vítimas Feridas,Plena noite,Ceu Claro,Dupla   ,Urbano,(null),Ileso       ,-1.0,Não Informado
176265,06/01/2007,RN,101,NATAL,Outras,Colisão com bicicleta,Com Vítimas Feridas,Plena noite,Ceu Claro,Dupla   ,Urbano,Bicicleta,Ferido Grave,27.0,Masculino
176382,03/01/2007,RN,226,CURRAIS NOVOS,Outras,Capotamento,Com Vítimas Feridas,Plena noite,Ignorada,Simples ,Rural ,Automóvel,Ferido Grave,44.0,Masculino
176382,03/01/2007,RN,226,CURRAIS NOVOS,Outras,Capotamento,Com Vítimas Feridas,Plena noite,Ignorada,Simples ,Rural ,Automóvel,Ferido Grave,32.0,Feminino
176472,03/01/2007,RN,101,NATAL,Desobediência à sinalização,Colisão Transversal,Sem Vítimas        ,Pleno dia,Ceu Claro,Dupla   ,Urbano,Automóvel,Ileso       ,29.0,Masculino
176472,03/01/2007,RN,101,NATAL,Desobediência à sinalização,Colisão Transversal,Sem Vítimas        ,Pleno dia,Ceu Claro,Dupla   ,Urbano,Automóvel,Ileso       ,43.0,Masculino
176480,07/01/2007,RN,101,PARNAMIRIM,Desobediência à sinalização,Colisão Transversal,Sem Vítimas        ,Pleno dia,Ceu Claro,Simples ,Rural ,Automóvel,Ileso       ,34.0,Masculino
176480,07/01/2007,RN,101,PARNAMIRIM,Desobediência à sinalização,Colisão Transversal,Sem Vítimas        ,Pleno dia,Ceu Claro,Simples ,Rural ,Camioneta,Ileso       ,52.0,Masculino
176481,07/01/2007,RN,101,NATAL,Desobediência à sinalização,Colisão Transversal,Sem Vítimas        ,Pleno dia,Ceu Claro,Dupla   ,Urbano,Automóvel,Ileso       ,50.0,Feminino
176481,07/01/2007,RN,101,NATAL,Desobediência à sinalização,Colisão Transversal,Sem Vítimas        ,Pleno dia,Ceu Claro,Dupla   ,Urbano,Automóvel,Ileso       ,-1.0,Masculino
176490,03/01/2007,RN,101,PARNAMIRIM,Desobediência à sinalização,Colisão lateral,Sem Vítimas        ,Plena noite,Ceu Claro,Dupla   ,Urbano,Automóvel,Ileso       ,37.0,Masculino
176490,03/01/2007,RN,101,PARNAMIRIM,Desobediência à sinalização,Colisão lateral,Sem Vítimas        ,Plena noite,Ceu Claro,Dupla   ,Urbano,Caminhão-Trator,Ileso       ,30.0,Masculino
176572,07/01/2007,RN,101,SAO GONCALO DO AMARANTE,Falta de atenção,Colisão traseira,Sem Vítimas        ,Pleno dia,Ceu Claro,Dupla   ,Urbano,Automóvel,Ileso       ,48.0,Masculino
176572,07/01/2007,RN,101,SAO GONCALO DO AMARANTE,Falta de atenção,Colisão traseira,Sem Vítimas        ,Pleno dia,Ceu Claro,Dupla   ,Urbano,Camioneta,Ileso       ,31.0,Masculino
176651,07/01/2007,RN,101,SAO GONCALO DO AMARANTE,Falta de atenção,Colisão com objeto fixo,Sem Vítimas        ,Pleno dia,Ceu Claro,Simples ,Urbano,Automóvel,Ileso       ,19.0,Masculino
176661,03/01/2007,RN,101,NATAL,Não guardar distância de segurança,Colisão traseira,Sem Vítimas        ,Pleno dia,Ceu Claro,Dupla   ,Urbano,Automóvel,Ileso       ,42.0,Masculino
176661,03/01/2007,RN,101,NATAL,Não guardar distância de segurança,Colisão traseira,Sem Vítimas        ,Pleno dia,Ceu Claro,Dupla   ,Urbano,Automóvel,Ileso       ,34.0,Masculino
176661,03/01/2007,RN,101,NATAL,Não guardar distância de segurança,Colisão traseira,Sem Vítimas        ,Pleno dia,Ceu Claro,Dupla   ,Urbano,Automóvel,Ileso       ,32.0,Masculino
176731,05/01/2007,RN,101,PARNAMIRIM,Falta de atenção,Colisão traseira,Sem Vítimas        ,Plena noite,Nublado,Dupla   ,Urbano,Automóvel,Ileso       ,28.0,Masculino
176731,05/01/2007,RN,101,PARNAMIRIM,Falta de atenção,Colisão traseira,Sem Vítimas        ,Plena noite,Nublado,Dupla   ,Urbano,Caminhão,Ileso       ,38.0,Masculino
176739,05/01/2007,RN,101,PARNAMIRIM,Falta de atenção,Colisão lateral,Sem Vítimas        ,Plena noite,Nublado,Dupla   ,Urbano,Automóvel,Ileso       ,43.0,Masculino
176739,05/01/2007,RN,101,PARNAMIRIM,Falta de atenção,Colisão lateral,Sem Vítimas        ,Plena noite,Nublado,Dupla   ,Urbano,Automóvel,Ileso       ,27.0,Masculino
176745,07/01/2007,RN,304,MOSSORO,Falta de atenção,Colisão Transversal,Sem Vítimas        ,Pleno dia,Ceu Claro,Simples ,Rural ,Carroça,Ileso       ,31.0,Masculino
176745,07/01/2007,RN,304,MOSSORO,Falta de atenção,Colisão Transversal,Sem Vítimas        ,Pleno dia,Ceu Claro,Simples ,Rural ,Automóvel,Ileso       ,34.0,Masculino
176745,07/01/2007,RN,304,MOSSORO,Falta de atenção,Colisão Transversal,Sem Vítimas        ,Pleno dia,Ceu Claro,Simples ,Rural ,Automóvel,Ileso       ,44.0,Masculino
176835,08/01/2007,RN,101,PARNAMIRIM,Falta de atenção,Colisão traseira,Sem Vítimas        ,Pleno dia,Ceu Claro,Dupla   ,Urbano,Ônibus,Ileso       ,27.0,Masculino
176835,08/01/2007,RN,101,PARNAMIRIM,Falta de atenção,Colisão traseira,Sem Vítimas        ,Pleno dia,Ceu Claro,Dupla   ,Urbano,Automóvel,Ileso       ,37.0,Masculino
176848,08/01/2007,RN,101,PARNAMIRIM,Outras,Colisão lateral,Sem Vítimas        ,Pleno dia,Ceu Claro,Simples ,Urbano,Caminhão,Ileso       ,45.0,Masculino
176848,08/01/2007,RN,101,PARNAMIRIM,Outras,Colisão lateral,Sem Vítimas        ,Pleno dia,Ceu Claro,Simples ,Urbano,Automóvel,Ileso       ,53.0,Masculino
176897,08/01/2007,RN,101,NATAL,Falta de atenção,Colisão traseira,Sem Vítimas        ,Pleno dia,Nublado,Dupla   ,Urbano,Camioneta,Ileso       ,51.0,Masculino
176897,08/01/2007,RN,101,NATAL,Falta de atenção,Colisão traseira,Sem Vítimas        ,Pleno dia,Nublado,Dupla   ,Urbano,Motocicletas,Ileso       ,28.0,Masculino
177020,08/01/2007,RN,101,PARNAMIRIM,Falta de atenção,Colisão lateral,Sem Vítimas        ,Pleno dia,Ceu Claro,Dupla   ,Urbano,Automóvel,Ileso       ,46.0,Masculino
177020,08/01/2007,RN,101,PARNAMIRIM,Falta de atenção,Colisão lateral,Sem Vítimas        ,Pleno dia,Ceu Claro,Dupla   ,Urbano,Caminhão,Ileso       ,34.0,Masculino
177229,04/01/2007,RN,405,MOSSORO,Defeito na via,Colisão traseira,Sem Vítimas        ,Pleno dia,Sol,Simples ,Rural ,Automóvel,Ignorado    ,-1.0,Não Informado
177229,04/01/2007,RN,405,MOSSORO,Defeito na via,Colisão traseira,Sem Vítimas        ,Pleno dia,Sol,Simples ,Rural ,Automóvel,Ileso       ,22.0,Masculino
177229,04/01/2007,RN,405,MOSSORO,Defeito na via,Colisão traseira,Sem Vítimas        ,Pleno dia,Sol,Simples ,Rural ,(null),Ignorado    ,-1.0,Não Informado
177241,09/01/2007,RN,101,NATAL,Outras,Colisão traseira,Sem Vítimas        ,Pleno dia,Ceu Claro,Dupla   ,Urbano,Automóvel,Ileso       ,28.0,Masculino
177241,09/01/2007,RN,101,NATAL,Outras,Colisão traseira,Sem Vítimas        ,Pleno dia,Ceu Claro,Dupla   ,Urbano,Automóvel,Ileso       ,25.0,Feminino
177241,09/01/2007,RN,101,NATAL,Outras,Colisão traseira,Sem Vítimas        ,Pleno dia,Ceu Claro,Dupla   ,Urbano,Automóvel,Ignorado    ,-1.0,Não Informado
177285,08/01/2007,RN,110,MOSSORO,Animais na Pista,Atropelamento de animal,Sem Vítimas        ,Plena noite,Ceu Claro,Simples ,Rural ,Caminhão,Ileso       ,64.0,Masculino
177363,09/01/2007,RN,110,MOSSORO,Animais na Pista,Atropelamento de animal,Sem Vítimas        ,Plena noite,Ceu Claro,Simples ,Rural ,Automóvel,Ileso       ,35.0,Feminino
177394,09/01/2007,RN,101,SAO GONCALO DO AMARANTE,Falta de atenção,Colisão lateral,Sem Vítimas        ,Pleno dia,Ceu Claro,Dupla   ,Urbano,Automóvel,Ileso       ,29.0,Masculino
177394,09/01/2007,RN,101,SAO GONCALO DO AMARANTE,Falta de atenção,Colisão lateral,Sem Vítimas        ,Pleno dia,Ceu Claro,Dupla   ,Urbano,Caminhão,Ileso       ,47.0,Masculino
177427,06/01/2007,RN,406,SAO GONCALO DO AMARANTE,Dormindo,Capotamento,Com Vítimas Feridas,Amanhecer,Ceu Claro,Simples ,Rural ,Automóvel,Ileso       ,24.0,Masculino
177427,06/01/2007,RN,406,SAO GONCALO DO AMARANTE,Dormindo,Capotamento,Com Vítimas Feridas,Amanhecer,Ceu Claro,Simples ,Rural ,Automóvel,Ferido Leve ,25.0,Masculino
177427,06/01/2007,RN,406,SAO GONCALO DO AMARANTE,Dormindo,Capotamento,Com Vítimas Feridas,Amanhecer,Ceu Claro,Simples ,Rural ,Automóvel,Ferido Leve ,23.0,Masculino
177435,09/01/2007,RN,101,NATAL,Desobediência à sinalização,Colisão Transversal,Com Vítimas Feridas,Plena noite,Ceu Claro,Dupla   ,Urbano,Caminhão,Ileso       ,21.0,Masculino
177435,09/01/2007,RN,101,NATAL,Desobediência à sinalização,Colisão Transversal,Com Vítimas Feridas,Plena noite,Ceu Claro,Dupla   ,Urbano,Motocicletas,Ferido Leve ,26.0,Masculino
177435,09/01/2007,RN,101,NATAL,Desobediência à sinalização,Colisão Transversal,Com Vítimas Feridas,Plena noite,Ceu Claro,Dupla   ,Urbano,Motocicletas,Ferido Leve ,25.0,Feminino
177521,06/01/2007,RN,101,PARNAMIRIM,Outras,Colisão lateral,Sem Vítimas        ,Plena noite,Ceu Claro,Dupla   ,Urbano,Caminhonete,Ileso       ,24.0,Masculino
177521,06/01/2007,RN,101,PARNAMIRIM,Outras,Colisão lateral,Sem Vítimas        ,Plena noite,Ceu Claro,Dupla   ,Urbano,Caminhão,Ignorado    ,-1.0,Não Informado
177585,09/01/2007,RN,304,ASSU,Outras,Colisão Transversal,Sem Vítimas        ,Pleno dia,Sol,Simples ,Rural ,Caminhão,Ileso       ,26.0,Masculino
177585,09/01/2007,RN,304,ASSU,Outras,Colisão Transversal,Sem Vítimas        ,Pleno dia,Sol,Simples ,Rural ,Automóvel,Ileso       ,37.0,Masculino
177676,10/01/2007,RN,101,NATAL,Ultrapassagem indevida,Colisão lateral,Sem Vítimas        ,Amanhecer,Ceu Claro,Dupla   ,Urbano,Semi-Reboque,Ileso       ,70.0,Masculino
177676,10/01/2007,RN,101,NATAL,Ultrapassagem indevida,Colisão lateral,Sem Vítimas        ,Amanhecer,Ceu Claro,Dupla   ,Urbano,Automóvel,Ileso       ,51.0,Masculino
177750,07/01/2007,RN,101,PARNAMIRIM,Outras,Colisão Transversal,Com Vítimas Feridas,Amanhecer,Ceu Claro,Dupla   ,Urbano,Motocicletas,Ferido Grave,31.0,Masculino
177750,07/01/2007,RN,101,PARNAMIRIM,Outras,Colisão Transversal,Com Vítimas Feridas,Amanhecer,Ceu Claro,Dupla   ,Urbano,Automóvel,Ileso       ,25.0,Masculino
177803,10/01/2007,RN,101,SAO JOSE DE MIPIBU,Não guardar distância de segurança,Colisão traseira,Sem Vítimas        ,Pleno dia,Ceu Claro,Simples ,Rural ,Automóvel,Ileso       ,54.0,Masculino
177803,10/01/2007,RN,101,SAO JOSE DE MIPIBU,Não guardar distância de segurança,Colisão traseira,Sem Vítimas        ,Pleno dia,Ceu Claro,Simples ,Rural ,Automóvel,Ileso       ,21.0,Feminino
177932,10/01/2007,RN,304,MOSSORO,Falta de atenção,Colisão Transversal,Com Vítimas Feridas,Pleno dia,Ceu Claro,Simples ,Urbano,Caminhão,Ferido Leve ,36.0,Masculino
177932,10/01/2007,RN,304,MOSSORO,Falta de atenção,Colisão Transversal,Com Vítimas Feridas,Pleno dia,Ceu Claro,Simples ,Urbano,Caminhão,Ferido Leve ,28.0,Masculino
177932,10/01/2007,RN,304,MOSSORO,Falta de atenção,Colisão Transversal,Com Vítimas Feridas,Pleno dia,Ceu Claro,Simples ,Urbano,Caminhão-Tanque,Ileso       ,32.0,Masculino
177968,07/01/2007,RN,110,MOSSORO,Outras,Queda de motocicleta / bicicleta / veículo,Com Vítimas Feridas,Plena noite,Ceu Claro,Simples ,Rural ,Motocicletas,Ferido Leve ,34.0,Masculino
178074,07/01/2007,RN,405,SEVERIANO MELO,Outras,Saída de Pista,Com Vítimas Fatais ,Plena noite,Ignorada,Simples ,Rural ,Motocicletas,Morto       ,23.0,Masculino