id,data_inversa,uf,br,municipio,causa_acidente,tipo_acidente,classificacao_acidente,fase_dia,condicao_metereologica,tipo_pista,uso_solo,tipo_veiculo,estado_fisico,idade,sexo
195424,19/02/2007,RN,427,CAICO,Outras,Colisão lateral,Sem Vítimas        ,Pleno dia,Chuva,Simples ,Rural ,Caminhonete,Ileso       ,24.0,Masculino
195451,22/02/2007,RN,101,NATAL,Não guardar distância de segurança,Colisão traseira,Sem Vítimas        ,Pleno dia,Sol,Simples ,Urbano,Camioneta,Ileso       ,20.0,Feminino
195451,22/02/2007,RN,101,NATAL,Não guardar distância de segurança,Colisão traseira,Sem Vítimas        ,Pleno dia,Sol,Simples ,Urbano,Ônibus,Ileso       ,37.0,Masculino
195489,19/02/2007,RN,101,SAO GONCALO DO AMARANTE,Falta de atenção,Colisão com objeto fixo,Com Vítimas Feridas,Plena noite,Nublado,Simples ,Urbano,Automóvel,Ferido Leve ,40.0,Masculino
195534,19/02/2007,RN,101,MAXARANGUAPE,Defeito mecânico em veículo,Capotamento,Com Vítimas Feridas,Amanhecer,Nublado,Simples ,Rural ,Automóvel,Ileso       ,40.0,Masculino
195534,19/02/2007,RN,101,MAXARANGUAPE,Defeito mecânico em veículo,Capotamento,Com Vítimas Feridas,Amanhecer,Nublado,Simples ,Rural ,Automóvel,Ferido Grave,14.0,Feminino
195534,19/02/2007,RN,101,MAXARANGUAPE,Defeito mecânico em veículo,Capotamento,Com Vítimas Feridas,Amanhecer,Nublado,Simples ,Rural ,Automóvel,Ferido Grave,31.0,Não Informado
195560,22/02/2007,RN,406,CEARA-MIRIM,Defeito mecânico em veículo,Saída de Pista,Com Vítimas Feridas,Pleno dia,Ceu Claro,Simples ,Rural ,Motocicletas,Ferido Grave,48.0,Masculino
195574,21/01/2007,RN,101,EXTREMOZ,Outras,Saída de Pista,Com Vítimas Feridas,Pleno dia,Ceu Claro,Simples ,Rural ,Automóvel,Ferido Leve ,-1.0,Feminino
195574,21/01/2007,RN,101,EXTREMOZ,Outras,Saída de Pista,Com Vítimas Feridas,Pleno dia,Ceu Claro,Simples ,Rural ,Automóvel,Ferido Grave,21.0,Masculino
195574,21/01/2007,RN,101,EXTREMOZ,Outras,Saída de Pista,Com Vítimas Feridas,Pleno dia,Ceu Claro,Simples ,Rural ,Automóvel,Ileso       ,41.0,Masculino
195627,22/02/2007,RN,304,IELMO MARINHO,Falta de atenção,Saída de Pista,Sem Vítimas        ,Pleno dia,Sol,Dupla   ,Rural ,Caminhonete,Ileso       ,75.0,Masculino
195627,22/02/2007,RN,304,IELMO MARINHO,Falta de atenção,Saída de Pista,Sem Vítimas        ,Pleno dia,Sol,Dupla   ,Rural ,Automóvel,Ileso       ,36.0,Masculino
195644,22/02/2007,RN,304,ASSU,Outras,Colisão traseira,Sem Vítimas        ,Plena noite,Nublado,Simples ,Rural ,Automóvel,Ileso       ,58.0,Masculino
195657,22/02/2007,RN,226,MACAIBA,Outras,Colisão lateral,Com Vítimas Feridas,Pleno dia,Sol,Simples ,Urbano,Automóvel,Ileso       ,62.0,Masculino
195657,22/02/2007,RN,226,MACAIBA,Outras,Colisão lateral,Com Vítimas Feridas,Pleno dia,Sol,Simples ,Urbano,Ciclomotor,Ferido Leve ,27.0,Não Informado
195764,19/02/2007,RN,427,CAICO,Outras,Colisão frontal,Com Vítimas Fatais ,Pleno dia,Chuva,Simples ,Rural ,Automóvel,Morto       ,49.0,Masculino
195764,19/02/2007,RN,427,CAICO,Outras,Colisão frontal,Com Vítimas Fatais ,Pleno dia,Chuva,Simples ,Rural ,Automóvel,Ferido Grave,45.0,Masculino
195764,19/02/2007,RN,427,CAICO,Outras,Colisão frontal,Com Vítimas Fatais ,Pleno dia,Chuva,Simples ,Rural ,Automóvel,Ferido Leve ,22.0,Feminino
195764,19/02/2007,RN,427,CAICO,Outras,Colisão frontal,Com Vítimas Fatais ,Pleno dia,Chuva,Simples ,Rural ,Automóvel,Ferido Grave,55.0,Feminino
195764,19/02/2007,RN,427,CAICO,Outras,Colisão frontal,Com Vítimas Fatais ,Pleno dia,Chuva,Simples ,Rural ,Automóvel,Ferido Leve ,49.0,Feminino
195764,19/02/2007,RN,427,CAICO,Outras,Colisão frontal,Com Vítimas Fatais ,Pleno dia,Chuva,Simples ,Rural ,Automóvel,Ferido Leve ,9.0,Masculino
195764,19/02/2007,RN,427,CAICO,Outras,Colisão frontal,Com Vítimas Fatais ,Pleno dia,Chuva,Simples ,Rural ,Automóvel,Ferido Grave,33.0,Masculino
195764,19/02/2007,RN,427,CAICO,Outras,Colisão frontal,Com Vítimas Fatais ,Pleno dia,Chuva,Simples ,Rural ,Automóvel,Ferido Grave,19.0,Masculino
195847,19/02/2007,RN,101,MAXARANGUAPE,Outras,Saída de Pista,Com Vítimas Feridas,Plena noite,Ceu Claro,Simples ,Rural ,Automóvel,Ferido Leve ,21.0,Masculino
195847,19/02/2007,RN,101,MAXARANGUAPE,Outras,Saída de Pista,Com Vítimas Feridas,Plena noite,Ceu Claro,Simples ,Rural ,Automóvel,Ferido Leve ,26.0,Masculino
195870,23/02/2007,RN,226,SANTA CRUZ,Falta de atenção,Colisão Transversal,Sem Vítimas        ,Pleno dia,Sol,Simples ,Rural ,Automóvel,Ileso       ,22.0,Masculino
196015,23/02/2007,RN,101,NATAL,Ingestão de álcool,Colisão lateral,Sem Vítimas        ,Plena noite,Ceu Claro,Dupla   ,Urbano,Automóvel,Ileso       ,49.0,Masculino
196015,23/02/2007,RN,101,NATAL,Ingestão de álcool,Colisão lateral,Sem Vítimas        ,Plena noite,Ceu Claro,Dupla   ,Urbano,Microônibus,Ileso       ,44.0,Masculino
196039,23/02/2007,RN,101,NATAL,Falta de atenção,Colisão traseira,Sem Vítimas        ,Plena noite,Ceu Claro,Dupla   ,Urbano,Camioneta,Ileso       ,36.0,Masculino
196039,23/02/2007,RN,101,NATAL,Falta de atenção,Colisão traseira,Sem Vítimas        ,Plena noite,Ceu Claro,Dupla   ,Urbano,Automóvel,Ileso       ,19.0,Masculino
196135,20/02/2007,RN,110,AREIA BRANCA,Outras,Tombamento,Com Vítimas Fatais ,Plena noite,Ceu Claro,Simples ,Rural ,Motocicletas,Morto       ,21.0,Masculino
196135,20/02/2007,RN,110,AREIA BRANCA,Outras,Tombamento,Com Vítimas Fatais ,Plena noite,Ceu Claro,Simples ,Rural ,Automóvel,Ileso       ,29.0,Masculino
196151,05/01/2007,RN,101,GOIANINHA,Não guardar distância de segurança,Colisão traseira,Sem Vítimas        ,Pleno dia,Ceu Claro,Simples ,Urbano,Camioneta,Ileso       ,27.0,Masculino
196151,05/01/2007,RN,101,GOIANINHA,Não guardar distância de segurança,Colisão traseira,Sem Vítimas        ,Pleno dia,Ceu Claro,Simples ,Urbano,Camioneta,Ileso       ,38.0,Masculino
196151,05/01/2007,RN,101,GOIANINHA,Não guardar distância de segurança,Colisão traseira,Sem Vítimas        ,Pleno dia,Ceu Claro,Simples ,Urbano,Caminhão-Trator,Ileso       ,22.0,Masculino
196173,21/02/2007,RN,427,ACARI,Defeito mecânico em veículo,Colisão com objeto fixo,Sem Vítimas        ,Pleno dia,Chuva,Simples ,Rural ,Automóvel,Ileso       ,43.0,Masculino
196217,24/02/2007,RN,101,PARNAMIRIM,Falta de atenção,Colisão lateral,Sem Vítimas        ,Pleno dia,Sol,Dupla   ,Urbano,Caminhão,Ileso       ,28.0,Masculino
196217,24/02/2007,RN,101,PARNAMIRIM,Falta de atenção,Colisão lateral,Sem Vítimas        ,Pleno dia,Sol,Dupla   ,Urbano,Automóvel,Ileso       ,33.0,Masculino
196236,24/02/2007,RN,406,CEARA-MIRIM,Outras,Capotamento,Sem Vítimas        ,Pleno dia,Ceu Claro,Simples ,Rural ,Automóvel,Ileso       ,60.0,Masculino
196259,20/01/2007,RN,101,EXTREMOZ,Outras,Capotamento,Com Vítimas Fatais ,Amanhecer,Ceu Claro,Simples ,Rural ,Automóvel,Ferido Grave,29.0,Masculino
196259,20/01/2007,RN,101,EXTREMOZ,Outras,Capotamento,Com Vítimas Fatais ,Amanhecer,Ceu Claro,Simples ,Rural ,Automóvel,Morto       ,25.0,Feminino
196259,20/01/2007,RN,101,EXTREMOZ,Outras,Capotamento,Com Vítimas Fatais ,Amanhecer,Ceu Claro,Simples ,Rural ,Automóvel,Ferido Leve ,30.0,Masculino
196335,24/02/2007,RN,226,SANTA CRUZ,Outras,Colisão lateral,Com Vítimas Feridas,Pleno dia,Ceu Claro,Simples ,Urbano,Caminhão,Ileso       ,22.0,Masculino
196335,24/02/2007,RN,226,SANTA CRUZ,Outras,Colisão lateral,Com Vítimas Feridas,Pleno dia,Ceu Claro,Simples ,Urbano,Motocicletas,Ferido Grave,24.0,Masculino
196335,24/02/2007,RN,226,SANTA CRUZ,Outras,Colisão lateral,Com Vítimas Feridas,Pleno dia,Ceu Claro,Simples ,Urbano,Motocicletas,Ferido Leve ,22.0,Masculino
196396,21/02/2007,RN,101,SAO JOSE DE MIPIBU,Falta de atenção,Colisão traseira,Sem Vítimas        ,Pleno dia,Ceu Claro,Simples ,Urbano,Automóvel,Ileso       ,38.0,Masculino
196396,21/02/2007,RN,101,SAO JOSE DE MIPIBU,Falta de atenção,Colisão traseira,Sem Vítimas        ,Pleno dia,Ceu Claro,Simples ,Urbano,Automóvel,Ileso       ,23.0,Feminino
196396,21/02/2007,RN,101,SAO JOSE DE MIPIBU,Falta de atenção,Colisão traseira,Sem Vítimas        ,Pleno dia,Ceu Claro,Simples ,Urbano,Automóvel,Ileso       ,27.0,Feminino
196438,24/02/2007,RN,304,MOSSORO,Desobediência à sinalização,Colisão Transversal,Sem Vítimas        ,Plena noite,Ceu Claro,Simples ,Urbano,Automóvel,Ileso       ,33.0,Feminino
196438,24/02/2007,RN,304,MOSSORO,Desobediência à sinalização,Colisão Transversal,Sem Vítimas        ,Plena noite,Ceu Claro,Simples ,Urbano,Automóvel,Ileso       ,43.0,Masculino
196444,18/02/2007,RN,101,NATAL,Falta de atenção,Colisão lateral,Sem Vítimas        ,Pleno dia,Sol,Dupla   ,Urbano,Automóvel,Ileso       ,34.0,Masculino
196444,18/02/2007,RN,101,NATAL,Falta de atenção,Colisão lateral,Sem Vítimas        ,Pleno dia,Sol,Dupla   ,Urbano,Automóvel,Ileso       ,19.0,Masculino
196530,28/01/2007,RN,101,SAO GONCALO DO AMARANTE,Defeito mecânico em veículo,Colisão traseira,Sem Vítimas        ,Plena noite,Ceu Claro,Dupla   ,Urbano,Caminhão,Ileso       ,48.0,Masculino
196530,28/01/2007,RN,101,SAO GONCALO DO AMARANTE,Defeito mecânico em veículo,Colisão traseira,Sem Vítimas        ,Plena noite,Ceu Claro,Dupla   ,Urbano,Automóvel,Ileso       ,43.0,Masculino
196530,28/01/2007,RN,101,SAO GONCALO DO AMARANTE,Defeito mecânico em veículo,Colisão traseira,Sem Vítimas        ,Plena noite,Ceu Claro,Dupla   ,Urbano,Automóvel,Ileso       ,39.0,Masculino
196530,28/01/2007,RN,101,SAO GONCALO DO AMARANTE,Defeito mecânico em veículo,Colisão traseira,Sem Vítimas        ,Plena noite,Ceu Claro,Dupla   ,Urbano,Caminhonete,Ileso       ,51.0,Masculino
196553,18/02/2007,RN,101,EXTREMOZ,Falta de atenção,Colisão traseira,Sem Vítimas        ,Pleno dia,Nublado,Simples ,Rural ,Automóvel,Ileso       ,43.0,Masculino
196553,18/02/2007,RN,101,EXTREMOZ,Falta de atenção,Colisão traseira,Sem Vítimas        ,Pleno dia,Nublado,Simples ,Rural ,Automóvel,Ileso       ,51.0,Masculino
196553,18/02/2007,RN,101,EXTREMOZ,Falta de atenção,Colisão traseira,Sem Vítimas        ,Pleno dia,Nublado,Simples ,Rural ,Automóvel,Ignorado    ,-1.0,Não Informado
196605,21/02/2007,RN,101,PARNAMIRIM,Não guardar distância de segurança,Colisão traseira,Sem Vítimas        ,Pleno dia,Ceu Claro,Dupla   ,Urbano,Automóvel,Ileso       ,29.0,Feminino
196605,21/02/2007,RN,101,PARNAMIRIM,Não guardar distância de segurança,Colisão traseira,Sem Vítimas        ,Pleno dia,Ceu Claro,Dupla   ,Urbano,Camioneta,Ileso       ,54.0,Masculino
196658,25/02/2007,RN,101,CEARA-MIRIM,Desobediência à sinalização,Colisão Transversal,Com Vítimas Feridas,Plena noite,Ceu Claro,Simples ,Rural ,Caminhonete,Ferido Grave,56.0,Masculino
196658,25/02/2007,RN,101,CEARA-MIRIM,Desobediência à sinalização,Colisão Transversal,Com Vítimas Feridas,Plena noite,Ceu Claro,Simples ,Rural ,Automóvel,Ferido Leve ,49.0,Masculino
196658,25/02/2007,RN,101,CEARA-MIRIM,Desobediência à sinalização,Colisão Transversal,Com Vítimas Feridas,Plena noite,Ceu Claro,Simples ,Rural ,Automóvel,Ferido Leve ,17.0,Feminino
196719,25/02/2007,RN,304,MOSSORO,Animais na Pista,Atropelamento de animal,Sem Vítimas        ,Plena noite,Ceu Claro,Simples ,Rural ,Automóvel,Ileso       ,21.0,Masculino
196719,25/02/2007,RN,304,MOSSORO,Animais na Pista,Atropelamento de animal,Sem Vítimas        ,Plena noite,Ceu Claro,Simples ,Rural ,Automóvel,Ileso       ,44.0,Masculino
196768,24/02/2007,RN,304,ANGICOS,Falta de atenção,Colisão traseira,Com Vítimas Feridas,Pleno dia,Ceu Claro,Simples ,Rural ,Caminhão,Ileso       ,23.0,Masculino
196768,24/02/2007,RN,304,ANGICOS,Falta de atenção,Colisão traseira,Com Vítimas Feridas,Pleno dia,Ceu Claro,Simples ,Rural ,Automóvel,Ferido Leve ,43.0,Masculino
196768,24/02/2007,RN,304,ANGICOS,Falta de atenção,Colisão traseira,Com Vítimas Feridas,Pleno dia,Ceu Claro,Simples ,Rural ,Automóvel,Ferido Leve ,42.0,Feminino
196768,24/02/2007,RN,304,ANGICOS,Falta de atenção,Colisão traseira,Com Vítimas Feridas,Pleno dia,Ceu Claro,Simples ,Rural ,Automóvel,Ferido Leve ,42.0,Masculino
196944,26/02/2007,RN,101,NATAL,Falta de atenção,Colisão traseira,Sem Vítimas        ,Pleno dia,Sol,Simples ,Urbano,Automóvel,Ileso       ,65.0,Masculino
196944,26/02/2007,RN,101,NATAL,Falta de atenção,Colisão traseira,Sem Vítimas        ,Pleno dia,Sol,Simples ,Urbano,Automóvel,Ileso       ,32.0,Feminino
196944,26/02/2007,RN,101,NATAL,Falta de atenção,Colisão traseira,Sem Vítimas        ,Pleno dia,Sol,Simples ,Urbano,Automóvel,Ileso       ,49.0,Masculino
196944,26/02/2007,RN,101,NATAL,Falta de atenção,Colisão traseira,Sem Vítimas        ,Pleno dia,Sol,Simples ,Urbano,Automóvel,Ileso       ,20.0,Masculino
197027,22/02/2007,RN,101,NATAL,Outras,Colisão traseira,Com Vítimas Feridas,Pleno dia,Ceu Claro,Múltipla,Urbano,Caminhonete,Ileso       ,28.0,Masculino
197027,22/02/2007,RN,101,NATAL,Outras,Colisão traseira,Com Vítimas Feridas,Pleno dia,Ceu Claro,Múltipla,Urbano,Motocicletas,Ferido Leve ,23.0,Masculino
197029,26/02/2007,RN,101,SAO GONCALO DO AMARANTE,Outras,Colisão lateral,Sem Vítimas        ,Pleno dia,Sol,Múltipla,Urbano,Ônibus,Ileso       ,35.0,Masculino
197029,26/02/2007,RN,101,SAO GONCALO DO AMARANTE,Outras,Colisão lateral,Sem Vítimas        ,Pleno dia,Sol,Múltipla,Urbano,Automóvel,Ileso       ,53.0,Masculino
197038,17/02/2007,RN,304,LAJES,Ultrapassagem indevida,Saída de Pista,Sem Vítimas        ,Pleno dia,Chuva,Simples ,Rural ,Automóvel,Ileso       ,-1.0,Masculino
197041,22/02/2007,RN,101,PARNAMIRIM,Desobediência à sinalização,Colisão Transversal,Com Vítimas Feridas,Plena noite,Chuva,Dupla   ,Urbano,Automóvel,Ileso       ,29.0,Masculino
197041,22/02/2007,RN,101,PARNAMIRIM,Desobediência à sinalização,Colisão Transversal,Com Vítimas Feridas,Plena noite,Chuva,Dupla   ,Urbano,Motocicletas,Ferido Leve ,19.0,Masculino
197041,22/02/2007,RN,101,PARNAMIRIM,Desobediência à sinalização,Colisão Transversal,Com Vítimas Feridas,Plena noite,Chuva,Dupla   ,Urbano,Motocicletas,Ferido Leve ,22.0,Masculino
197052,29/01/2007,RN,101,EXTREMOZ,Desobediência à sinalização,Colisão frontal,Sem Vítimas        ,Pleno dia,Ceu Claro,Simples ,Rural ,Automóvel,Ileso       ,30.0,Masculino
197052,29/01/2007,RN,101,EXTREMOZ,Desobediência à sinalização,Colisão frontal,Sem Vítimas        ,Pleno dia,Ceu Claro,Simples ,Rural ,Camioneta,Ileso       ,28.0,Masculino
197060,26/02/2007,RN,101,PARNAMIRIM,Outras,Colisão lateral,Sem Vítimas        ,Plena noite,Ignorada,Dupla   ,Urbano,Caminhão,Ileso       ,24.0,Masculino
197060,26/02/2007,RN,101,PARNAMIRIM,Outras,Colisão lateral,Sem Vítimas        ,Plena noite,Ignorada,Dupla   ,Urbano,Ônibus,Ileso       ,40.0,Masculino
197162,11/01/2007,RN,101,SAO GONCALO DO AMARANTE,Falta de atenção,Colisão lateral,Sem Vítimas        ,Plena noite,Ceu Claro,Dupla   ,Urbano,Ônibus,Ileso       ,44.0,Masculino
197162,11/01/2007,RN,101,SAO GONCALO DO AMARANTE,Falta de atenção,Colisão lateral,Sem Vítimas        ,Plena noite,Ceu Claro,Dupla   ,Urbano,Automóvel,Ileso       ,31.0,Masculino
197201,23/02/2007,RN,101,NATAL,Não guardar distância de segurança,Colisão traseira,Sem Vítimas        ,Plena noite,Ceu Claro,Simples ,Urbano,Automóvel,Ileso       ,37.0,Masculino
197201,23/02/2007,RN,101,NATAL,Não guardar distância de segurança,Colisão traseira,Sem Vítimas        ,Plena noite,Ceu Claro,Simples ,Urbano,Camioneta,Ileso       ,50.0,Masculino
197222,27/02/2007,RN,406,SAO GONCALO DO AMARANTE,Não guardar distância de segurança,Colisão traseira,Sem Vítimas        ,Pleno dia,Ceu Claro,Simples ,Rural ,Automóvel,Ileso       ,26.0,Masculino
197222,27/02/2007,RN,406,SAO GONCALO DO AMARANTE,Não guardar distância de segurança,Colisão traseira,Sem Vítimas        ,Pleno dia,Ceu Claro,Simples ,Rural ,Caminhonete,Ileso       ,24.0,Masculino
197222,27/02/2007,RN,406,SAO GONCALO DO AMARANTE,Não guardar distância de segurança,Colisão traseira,Sem Vítimas        ,Pleno dia,Ceu Claro,Simples ,Rural ,Automóvel,Ileso       ,47.0,Masculino
197222,27/02/2007,RN,406,SAO GONCALO DO AMARANTE,Não guardar distância de segurança,Colisão traseira,Sem Vítimas        ,Pleno dia,Ceu Claro,Simples ,Rural ,Camioneta,Ileso       ,30.0,Masculino
197411,25/02/2007,RN,304,MACAIBA,Falta de atenção,Colisão lateral,Com Vítimas Feridas,Plena noite,Ignorada,Dupla   ,Rural ,Automóvel,Ileso       ,37.0,Masculino
197411,25/02/2007,RN,304,MACAIBA,Falta de atenção,Colisão lateral,Com Vítimas Feridas,Plena noite,Ignorada,Dupla   ,Rural ,Automóvel,Ferido Grave,-1.0,Masculino
197411,25/02/2007,RN,304,MACAIBA,Falta de atenção,Colisão lateral,Com Vítimas Feridas,Plena noite,Ignorada,Dupla   ,Rural ,Automóvel,Ferido Leve ,-1.0,Feminino
197411,25/02/2007,RN,304,MACAIBA,Falta de atenção,Colisão lateral,Com Vítimas Feridas,Plena noite,Ignorada,Dupla   ,Rural ,Caminhão-Trator,Ignorado    ,-1.0,Não Informado
197472,16/02/2007,RN,304,FERNANDO PEDROZA,Outras,Saída de Pista,Sem Vítimas        ,Pleno dia,Ceu Claro,Simples ,Rural ,Automóvel,Ileso       ,25.0,Masculino
197486,27/02/2007,RN,101,NATAL,Falta de atenção,Colisão lateral,Sem Vítimas        ,Plena noite,Sol,Dupla   ,Urbano,Automóvel,Ileso       ,24.0,Masculino
197486,27/02/2007,RN,101,NATAL,Falta de atenção,Colisão lateral,Sem Vítimas        ,Plena noite,Sol,Dupla   ,Urbano,Automóvel,Ileso       ,57.0,Feminino
197540,27/02/2007,RN,101,NATAL,Falta de atenção,Colisão traseira,Sem Vítimas        ,Plena noite,Ceu Claro,Dupla   ,Urbano,Automóvel,Ileso       ,35.0,Masculino
197540,27/02/2007,RN,101,NATAL,Falta de atenção,Colisão traseira,Sem Vítimas        ,Plena noite,Ceu Claro,Dupla   ,Urbano,Automóvel,Ileso       ,38.0,Feminino
197540,27/02/2007,RN,101,NATAL,Falta de atenção,Colisão traseira,Sem Vítimas        ,Plena noite,Ceu Claro,Dupla   ,Urbano,Caminhonete,Ileso       ,25.0,Masculino
197642,13/02/2007,RN,304,RIACHUELO,Falta de atenção,Capotamento,Com Vítimas Feridas,Pleno dia,Ceu Claro,Simples ,Rural ,Automóvel,Ferido Leve ,34.0,Masculino
197642,13/02/2007,RN,304,RIACHUELO,Falta de atenção,Capotamento,Com Vítimas Feridas,Pleno dia,Ceu Claro,Simples ,Rural ,Automóvel,Ferido Leve ,80.0,Masculino
197727,28/02/2007,RN,101,NATAL,Não guardar distância de segurança,Colisão traseira,Sem Vítimas        ,Plena noite,Ceu Claro,Dupla   ,Urbano,Automóvel,Ileso       ,30.0,Masculino
197727,28/02/2007,RN,101,NATAL,Não guardar distância de segurança,Colisão traseira,Sem Vítimas        ,Plena noite,Ceu Claro,Dupla   ,Urbano,Motocicletas,Ileso       ,21.0,Masculino
197801,28/02/2007,RN,304,MOSSORO,Falta de atenção,Colisão Transversal,Sem Vítimas        ,Pleno dia,Ceu Claro,Simples ,Urbano,Automóvel,Ileso       ,27.0,Feminino
197801,28/02/2007,RN,304,MOSSORO,Falta de atenção,Colisão Transversal,Sem Vítimas        ,Pleno dia,Ceu Claro,Simples ,Urbano,Caminhão,Ileso       ,28.0,Masculino
198024,01/03/2007,RN,101,SAO GONCALO DO AMARANTE,Falta de atenção,Colisão lateral,Sem Vítimas        ,Pleno dia,Nublado,Simples ,Urbano,Caminhão,Ileso       ,29.0,Masculino
198024,01/03/2007,RN,101,SAO GONCALO DO AMARANTE,Falta de atenção,Colisão lateral,Sem Vítimas        ,Pleno dia,Nublado,Simples ,Urbano,Automóvel,Ileso       ,47.0,Masculino
198060,26/02/2007,RN,110,MOSSORO,Falta de atenção,Atropelamento de pessoa,Com Vítimas Fatais ,Pleno dia,Ceu Claro,Múltipla,Urbano,Ônibus,Ignorado    ,-1.0,Não Informado
198060,26/02/2007,RN,110,MOSSORO,Falta de atenção,Atropelamento de pessoa,Com Vítimas Fatais ,Pleno dia,Ceu Claro,Múltipla,Urbano,(null),Morto       ,81.0,Masculino
198077,01/03/2007,RN,101,PARNAMIRIM,Outras,Colisão traseira,Sem Vítimas        ,Pleno dia,Chuva,Dupla   ,Urbano,Ônibus,Ileso       ,41.0,Masculino
198077,01/03/2007,RN,101,PARNAMIRIM,Outras,Colisão traseira,Sem Vítimas        ,Pleno dia,Chuva,Dupla   ,Urbano,Automóvel,Ileso       ,23.0,Masculino
198145,01/03/2007,RN,101,SAO GONCALO DO AMARANTE,Defeito mecânico em veículo,Colisão traseira,Sem Vítimas        ,Pleno dia,Sol,Dupla   ,Urbano,Automóvel,Ileso       ,50.0,Masculino
198145,01/03/2007,RN,101,SAO GONCALO DO AMARANTE,Defeito mecânico em veículo,Colisão traseira,Sem Vítimas        ,Pleno dia,Sol,Dupla   ,Urbano,Automóvel,Ileso       ,37.0,Masculino
198145,01/03/2007,RN,101,SAO GONCALO DO AMARANTE,Defeito mecânico em veículo,Colisão traseira,Sem Vítimas        ,Pleno dia,Sol,Dupla   ,Urbano,Camioneta,Ileso       ,34.0,Masculino
198182,01/03/2007,RN,101,PARNAMIRIM,Defeito mecânico em veículo,Colisão traseira,Sem Vítimas        ,Pleno dia,Nublado,Dupla   ,Urbano,Automóvel,Ileso       ,28.0,Masculino
198182,01/03/2007,RN,101,PARNAMIRIM,Defeito mecânico em veículo,Colisão traseira,Sem Vítimas        ,Pleno dia,Nublado,Dupla   ,Urbano,Ônibus,Ileso       ,33.0,Masculino
198186,01/03/2007,RN,101,NATAL,Outras,Colisão traseira,Sem Vítimas        ,Pleno dia,Nublado,Dupla   ,Urbano,Automóvel,Ileso       ,39.0,Masculino
198186,01/03/2007,RN,101,NATAL,Outras,Colisão traseira,Sem Vítimas        ,Pleno dia,Nublado,Dupla   ,Urbano,Automóvel,Ileso       ,25.0,Masculino
198219,01/03/2007,RN,101,SAO GONCALO DO AMARANTE,Falta de atenção,Colisão lateral,Com Vítimas Feridas,Pleno dia,Ceu Claro,Dupla   ,Urbano,Automóvel,Ileso       ,41.0,Feminino
198219,01/03/2007,RN,101,SAO GONCALO DO AMARANTE,Falta de atenção,Colisão lateral,Com Vítimas Feridas,Pleno dia,Ceu Claro,Dupla   ,Urbano,Motocicletas,Ferido Leve ,26.0,Masculino
198219,01/03/2007,RN,101,SAO GONCALO DO AMARANTE,Falta de atenção,Colisão lateral,Com Vítimas Feridas,Pleno dia,Ceu Claro,Dupla   ,Urbano,Automóvel,Ileso       ,39.0,Masculino
198285,01/03/2007,RN,101,PARNAMIRIM,Ingestão de álcool,Colisão lateral,Sem Vítimas        ,Plena noite,Nublado,Dupla   ,Urbano,Automóvel,Ileso       ,52.0,Masculino
198285,01/03/2007,RN,101,PARNAMIRIM,Ingestão de álcool,Colisão lateral,Sem Vítimas        ,Plena noite,Nublado,Dupla   ,Urbano,Automóvel,Ileso       ,26.0,Masculino
198285,01/03/2007,RN,101,PARNAMIRIM,Ingestão de álcool,Colisão lateral,Sem Vítimas        ,Plena noite,Nublado,Dupla   ,Urbano,Automóvel,Ileso       ,34.0,Masculino
198339,26/02/2007,RN,304,RIACHUELO,Outras,Capotamento,Sem Vítimas        ,Anoitecer,Ceu Claro,Simples ,Rural ,Automóvel,Ileso       ,18.0,Feminino
198339,26/02/2007,RN,304,RIACHUELO,Outras,Capotamento,Sem Vítimas        ,Anoitecer,Ceu Claro,Simples ,Rural ,Automóvel,Ileso       ,2.0,Masculino
198339,26/02/2007,RN,304,RIACHUELO,Outras,Capotamento,Sem Vítimas        ,Anoitecer,Ceu Claro,Simples ,Rural ,Automóvel,Ileso       ,39.0,Masculino
198827,27/02/2007,RN,226,MACAIBA,Animais na Pista,Atropelamento de animal,Com Vítimas Feridas,Plena noite,Ceu Claro,Simples ,Urbano,Motocicletas,Ferido Grave,18.0,Masculino
198827,27/02/2007,RN,226,MACAIBA,Animais na Pista,Atropelamento de animal,Com Vítimas Feridas,Plena noite,Ceu Claro,Simples ,Urbano,Motocicletas,Ferido Leve ,20.0,Masculino
199019,03/03/2007,RN,101,PARNAMIRIM,Animais na Pista,Atropelamento de animal,Sem Vítimas        ,Plena noite,Ceu Claro,Simples ,Rural ,Automóvel,Ileso       ,59.0,Masculino
199131,04/03/2007,RN,101,NATAL,Falta de atenção,Colisão traseira,Sem Vítimas        ,Pleno dia,Ceu Claro,Dupla   ,Urbano,Automóvel,Ileso       ,71.0,Masculino
199131,04/03/2007,RN,101,NATAL,Falta de atenção,Colisão traseira,Sem Vítimas        ,Pleno dia,Ceu Claro,Dupla   ,Urbano,Ônibus,Ileso       ,56.0,Masculino
199140,28/02/2007,RN,101,PARNAMIRIM,Não guardar distância de segurança,Colisão traseira,Sem Vítimas        ,Pleno dia,Ceu Claro,Simples ,Urbano,Caminhão,Ileso       ,42.0,Masculino