id,data_inversa,uf,br,municipio,causa_acidente,tipo_acidente,classificacao_acidente,fase_dia,condicao_metereologica,tipo_pista,uso_solo,tipo_veiculo,estado_fisico,idade,sexo
212939,08/04/2007,RN,304,MACAIBA,Falta de atenção,Colisão traseira,Sem Vítimas        ,Pleno dia,Ceu Claro,Simples ,Urbano,Automóvel,Ileso       ,56.0,Masculino
212939,08/04/2007,RN,304,MACAIBA,Falta de atenção,Colisão traseira,Sem Vítimas        ,Pleno dia,Ceu Claro,Simples ,Urbano,Automóvel,Ileso       ,29.0,Masculino
212939,08/04/2007,RN,304,MACAIBA,Falta de atenção,Colisão traseira,Sem Vítimas        ,Pleno dia,Ceu Claro,Simples ,Urbano,Automóvel,Ileso       ,65.0,Masculino
212993,08/04/2007,RN,304,MOSSORO,Não guardar distância de segurança,Colisão traseira,Sem Vítimas        ,Plena noite,Ceu Claro,Simples ,Urbano,Automóvel,Ileso       ,42.0,Masculino
212993,08/04/2007,RN,304,MOSSORO,Não guardar distância de segurança,Colisão traseira,Sem Vítimas        ,Plena noite,Ceu Claro,Simples ,Urbano,Automóvel,Ileso       ,24.0,Masculino
213040,08/04/2007,RN,304,MACAIBA,Falta de atenção,Colisão traseira,Sem Vítimas        ,Anoitecer,Ceu Claro,Simples ,Rural ,Automóvel,Ileso       ,57.0,Masculino
213040,08/04/2007,RN,304,MACAIBA,Falta de atenção,Colisão traseira,Sem Vítimas        ,Anoitecer,Ceu Claro,Simples ,Rural ,Caminhonete,Ileso       ,37.0,Feminino
213040,08/04/2007,RN,304,MACAIBA,Falta de atenção,Colisão traseira,Sem Vítimas        ,Anoitecer,Ceu Claro,Simples ,Rural ,Caminhonete,Ignorado    ,-1.0,Não Informado
213079,08/04/2007,RN,101,NATAL,Não guardar distância de segurança,Colisão traseira,Sem Vítimas        ,Plena noite,Ceu Claro,Dupla   ,Urbano,Camioneta,Ileso       ,29.0,Masculino
213079,08/04/2007,RN,101,NATAL,Não guardar distância de segurança,Colisão traseira,Sem Vítimas        ,Plena noite,Ceu Claro,Dupla   ,Urbano,Automóvel,Ileso       ,33.0,Masculino
213079,08/04/2007,RN,101,NATAL,Não guardar distância de segurança,Colisão traseira,Sem Vítimas        ,Plena noite,Ceu Claro,Dupla   ,Urbano,Automóvel,Ileso       ,46.0,Masculino
213116,08/04/2007,RN,101,NATAL,Outras,Queda de motocicleta / bicicleta / veículo,Com Vítimas Feridas,Plena noite,Ceu Claro,Dupla   ,Urbano,Motoneta,Ileso       ,27.0,Feminino
213116,08/04/2007,RN,101,NATAL,Outras,Queda de motocicleta / bicicleta / veículo,Com Vítimas Feridas,Plena noite,Ceu Claro,Dupla   ,Urbano,Motoneta,Ferido Grave,27.0,Feminino
213116,08/04/2007,RN,101,NATAL,Outras,Queda de motocicleta / bicicleta / veículo,Com Vítimas Feridas,Plena noite,Ceu Claro,Dupla   ,Urbano,Automóvel,Ileso       ,29.0,Masculino
213183,08/04/2007,RN,101,SAO GONCALO DO AMARANTE,Não guardar distância de segurança,Colisão traseira,Sem Vítimas        ,Plena noite,Ceu Claro,Dupla   ,Urbano,Caminhonete,Ignorado    ,-1.0,Não Informado
213183,08/04/2007,RN,101,SAO GONCALO DO AMARANTE,Não guardar distância de segurança,Colisão traseira,Sem Vítimas        ,Plena noite,Ceu Claro,Dupla   ,Urbano,Automóvel,Ileso       ,22.0,Masculino
213183,08/04/2007,RN,101,SAO GONCALO DO AMARANTE,Não guardar distância de segurança,Colisão traseira,Sem Vítimas        ,Plena noite,Ceu Claro,Dupla   ,Urbano,Automóvel,Ileso       ,23.0,Masculino
213183,08/04/2007,RN,101,SAO GONCALO DO AMARANTE,Não guardar distância de segurança,Colisão traseira,Sem Vítimas        ,Plena noite,Ceu Claro,Dupla   ,Urbano,Automóvel,Ileso       ,26.0,Masculino
213183,08/04/2007,RN,101,SAO GONCALO DO AMARANTE,Não guardar distância de segurança,Colisão traseira,Sem Vítimas        ,Plena noite,Ceu Claro,Dupla   ,Urbano,Automóvel,Ileso       ,41.0,Masculino
213187,08/04/2007,RN,304,ASSU,Falta de atenção,Colisão Transversal,Com Vítimas Feridas,Pleno dia,Ceu Claro,Simples ,Rural ,Motocicletas,Ileso       ,31.0,Masculino
213187,08/04/2007,RN,304,ASSU,Falta de atenção,Colisão Transversal,Com Vítimas Feridas,Pleno dia,Ceu Claro,Simples ,Rural ,Motocicletas,Ferido Leve ,21.0,Feminino
213187,08/04/2007,RN,304,ASSU,Falta de atenção,Colisão Transversal,Com Vítimas Feridas,Pleno dia,Ceu Claro,Simples ,Rural ,Automóvel,Ileso       ,29.0,Masculino
213233,08/04/2007,RN,101,SAO JOSE DE MIPIBU,Falta de atenção,Colisão traseira,Sem Vítimas        ,Anoitecer,Ceu Claro,Simples ,Urbano,Automóvel,Ileso       ,23.0,Feminino
213233,08/04/2007,RN,101,SAO JOSE DE MIPIBU,Falta de atenção,Colisão traseira,Sem Vítimas        ,Anoitecer,Ceu Claro,Simples ,Urbano,Automóvel,Ileso       ,28.0,Masculino
213351,05/04/2007,RN,110,AREIA BRANCA,Outras,Saída de Pista,Sem Vítimas        ,Pleno dia,Ceu Claro,Simples ,Rural ,Automóvel,Ileso       ,26.0,Masculino
213365,05/04/2007,RN,226,BOM JESUS,Não guardar distância de segurança,Colisão traseira,Sem Vítimas        ,Pleno dia,Ceu Claro,Simples ,Urbano,Automóvel,Ileso       ,48.0,Masculino
213365,05/04/2007,RN,226,BOM JESUS,Não guardar distância de segurança,Colisão traseira,Sem Vítimas        ,Pleno dia,Ceu Claro,Simples ,Urbano,Automóvel,Ileso       ,42.0,Masculino
213412,09/04/2007,RN,101,SAO GONCALO DO AMARANTE,Falta de atenção,Colisão traseira,Sem Vítimas        ,Pleno dia,Ceu Claro,Simples ,Urbano,Motocicletas,Ileso       ,36.0,Masculino
213412,09/04/2007,RN,101,SAO GONCALO DO AMARANTE,Falta de atenção,Colisão traseira,Sem Vítimas        ,Pleno dia,Ceu Claro,Simples ,Urbano,Motocicletas,Ileso       ,-1.0,Não Informado
213447,09/04/2007,RN,405,MOSSORO,Falta de atenção,Colisão traseira,Sem Vítimas        ,Pleno dia,Ceu Claro,Dupla   ,Urbano,Camioneta,Ileso       ,19.0,Masculino
213447,09/04/2007,RN,405,MOSSORO,Falta de atenção,Colisão traseira,Sem Vítimas        ,Pleno dia,Ceu Claro,Dupla   ,Urbano,Automóvel,Ileso       ,40.0,Masculino
213520,05/04/2007,RN,304,MACAIBA,Falta de atenção,Colisão Transversal,Sem Vítimas        ,Plena noite,Ignorada,Simples ,Urbano,Caminhão,Ileso       ,30.0,Masculino
213520,05/04/2007,RN,304,MACAIBA,Falta de atenção,Colisão Transversal,Sem Vítimas        ,Plena noite,Ignorada,Simples ,Urbano,Ônibus,Ignorado    ,-1.0,Não Informado
213537,06/04/2007,RN,226,TANGARA,Outras,Incêndio,Sem Vítimas        ,Pleno dia,Ceu Claro,Simples ,Rural ,Camioneta,Ileso       ,33.0,Masculino
213539,06/04/2007,RN,427,CAICO,Falta de atenção,Saída de Pista,Com Vítimas Feridas,Pleno dia,Sol,Simples ,Rural ,Automóvel,Ferido Leve ,30.0,Masculino
213595,09/04/2007,RN,304,MACAIBA,Outras,Tombamento,Sem Vítimas        ,Pleno dia,Ceu Claro,Dupla   ,Urbano,Caminhão,Ileso       ,-1.0,Masculino
213595,09/04/2007,RN,304,MACAIBA,Outras,Tombamento,Sem Vítimas        ,Pleno dia,Ceu Claro,Dupla   ,Urbano,Caminhão,Ignorado    ,-1.0,Não Informado
213601,09/04/2007,RN,101,NATAL,Falta de atenção,Colisão lateral,Sem Vítimas        ,Pleno dia,Ceu Claro,Dupla   ,Urbano,Automóvel,Ileso       ,61.0,Masculino
213601,09/04/2007,RN,101,NATAL,Falta de atenção,Colisão lateral,Sem Vítimas        ,Pleno dia,Ceu Claro,Dupla   ,Urbano,Ônibus,Ileso       ,61.0,Masculino
213719,02/04/2007,RN,101,NATAL,Falta de atenção,Colisão traseira,Sem Vítimas        ,Pleno dia,Ceu Claro,Dupla   ,Urbano,Caminhonete,Ignorado    ,-1.0,Não Informado
213719,02/04/2007,RN,101,NATAL,Falta de atenção,Colisão traseira,Sem Vítimas        ,Pleno dia,Ceu Claro,Dupla   ,Urbano,Automóvel,Ileso       ,28.0,Masculino
213719,02/04/2007,RN,101,NATAL,Falta de atenção,Colisão traseira,Sem Vítimas        ,Pleno dia,Ceu Claro,Dupla   ,Urbano,Automóvel,Ignorado    ,-1.0,Não Informado
213805,10/04/2007,RN,101,NATAL,Falta de atenção,Colisão Transversal,Sem Vítimas        ,Plena noite,Nevoeiro/neblina,Dupla   ,Urbano,Ônibus,Ileso       ,36.0,Masculino
213805,10/04/2007,RN,101,NATAL,Falta de atenção,Colisão Transversal,Sem Vítimas        ,Plena noite,Nevoeiro/neblina,Dupla   ,Urbano,Camioneta,Ileso       ,21.0,Masculino
214084,10/04/2007,RN,101,PARNAMIRIM,Falta de atenção,Colisão traseira,Sem Vítimas        ,Pleno dia,Nublado,Dupla   ,Urbano,Camioneta,Ileso       ,38.0,Masculino
214084,10/04/2007,RN,101,PARNAMIRIM,Falta de atenção,Colisão traseira,Sem Vítimas        ,Pleno dia,Nublado,Dupla   ,Urbano,Automóvel,Ileso       ,44.0,Masculino
214104,10/04/2007,RN,304,MOSSORO,Falta de atenção,Colisão traseira,Sem Vítimas        ,Pleno dia,Nublado,Simples ,Rural ,Caminhão,Ileso       ,40.0,Masculino
214104,10/04/2007,RN,304,MOSSORO,Falta de atenção,Colisão traseira,Sem Vítimas        ,Pleno dia,Nublado,Simples ,Rural ,Automóvel,Ileso       ,29.0,Masculino
214106,10/04/2007,RN,101,NATAL,Outras,Colisão lateral,Sem Vítimas        ,Pleno dia,Ceu Claro,Dupla   ,Urbano,Automóvel,Ileso       ,39.0,Feminino
214106,10/04/2007,RN,101,NATAL,Outras,Colisão lateral,Sem Vítimas        ,Pleno dia,Ceu Claro,Dupla   ,Urbano,Automóvel,Ileso       ,74.0,Feminino
214113,06/04/2007,RN,101,NATAL,Outras,Colisão traseira,Com Vítimas Feridas,Plena noite,Ceu Claro,Dupla   ,Urbano,Automóvel,Ferido Grave,20.0,Masculino
214113,06/04/2007,RN,101,NATAL,Outras,Colisão traseira,Com Vítimas Feridas,Plena noite,Ceu Claro,Dupla   ,Urbano,Automóvel,Ileso       ,29.0,Masculino
214113,06/04/2007,RN,101,NATAL,Outras,Colisão traseira,Com Vítimas Feridas,Plena noite,Ceu Claro,Dupla   ,Urbano,Automóvel,Ignorado    ,-1.0,Não Informado
214173,10/04/2007,RN,101,PARNAMIRIM,Animais na Pista,Capotamento,Sem Vítimas        ,Plena noite,Nublado,Simples ,Rural ,Automóvel,Ileso       ,25.0,Masculino
214248,05/04/2007,RN,101,NATAL,Falta de atenção,Colisão lateral,Sem Vítimas        ,Pleno dia,Ceu Claro,Múltipla,Urbano,Automóvel,Ileso       ,33.0,Masculino
214248,05/04/2007,RN,101,NATAL,Falta de atenção,Colisão lateral,Sem Vítimas        ,Pleno dia,Ceu Claro,Múltipla,Urbano,Automóvel,Ileso       ,43.0,Masculino
214263,07/04/2007,RN,101,PARNAMIRIM,Ingestão de álcool,Colisão Transversal,Com Vítimas Fatais ,Plena noite,Nublado,Dupla   ,Urbano,Motocicletas,Morto       ,48.0,Masculino
214263,07/04/2007,RN,101,PARNAMIRIM,Ingestão de álcool,Colisão Transversal,Com Vítimas Fatais ,Plena noite,Nublado,Dupla   ,Urbano,Motocicletas,Ferido Grave,31.0,Masculino
214263,07/04/2007,RN,101,PARNAMIRIM,Ingestão de álcool,Colisão Transversal,Com Vítimas Fatais ,Plena noite,Nublado,Dupla   ,Urbano,Motocicletas,Ferido Leve ,5.0,Feminino
214263,07/04/2007,RN,101,PARNAMIRIM,Ingestão de álcool,Colisão Transversal,Com Vítimas Fatais ,Plena noite,Nublado,Dupla   ,Urbano,Automóvel,Ferido Leve ,23.0,Masculino
214275,05/04/2007,RN,101,NATAL,Falta de atenção,Colisão Transversal,Sem Vítimas        ,Plena noite,Nublado,Dupla   ,Urbano,Automóvel,Ileso       ,22.0,Masculino
214275,05/04/2007,RN,101,NATAL,Falta de atenção,Colisão Transversal,Sem Vítimas        ,Plena noite,Nublado,Dupla   ,Urbano,Automóvel,Ileso       ,25.0,Masculino
214313,05/04/2007,RN,101,NATAL,Não guardar distância de segurança,Colisão traseira,Sem Vítimas        ,Pleno dia,Ceu Claro,Múltipla,Urbano,Ônibus,Ileso       ,25.0,Masculino
214313,05/04/2007,RN,101,NATAL,Não guardar distância de segurança,Colisão traseira,Sem Vítimas        ,Pleno dia,Ceu Claro,Múltipla,Urbano,Automóvel,Ileso       ,60.0,Masculino
214371,09/04/2007,RN,110,AREIA BRANCA,Outras,Colisão Transversal,Sem Vítimas        ,Anoitecer,Ceu Claro,Simples ,Rural ,Caminhão,Ileso       ,34.0,Masculino
214371,09/04/2007,RN,110,AREIA BRANCA,Outras,Colisão Transversal,Sem Vítimas        ,Anoitecer,Ceu Claro,Simples ,Rural ,Automóvel,Ileso       ,31.0,Masculino
214408,08/03/2007,RN,101,PARNAMIRIM,Falta de atenção,Colisão Transversal,Sem Vítimas        ,Pleno dia,Ceu Claro,Dupla   ,Urbano,Automóvel,Ileso       ,30.0,Masculino
214408,08/03/2007,RN,101,PARNAMIRIM,Falta de atenção,Colisão Transversal,Sem Vítimas        ,Pleno dia,Ceu Claro,Dupla   ,Urbano,Automóvel,Ileso       ,22.0,Masculino
214424,04/04/2007,RN,101,PARNAMIRIM,Defeito mecânico em veículo,Colisão Transversal,Sem Vítimas        ,Pleno dia,Ceu Claro,Múltipla,Urbano,Ônibus,Ileso       ,39.0,Masculino
214424,04/04/2007,RN,101,PARNAMIRIM,Defeito mecânico em veículo,Colisão Transversal,Sem Vítimas        ,Pleno dia,Ceu Claro,Múltipla,Urbano,Caminhão,Ileso       ,52.0,Masculino
214440,08/04/2007,RN,406,SAO GONCALO DO AMARANTE,Desobediência à sinalização,Colisão lateral,Sem Vítimas        ,Pleno dia,Nublado,Dupla   ,Urbano,Automóvel,Ileso       ,18.0,Masculino
214440,08/04/2007,RN,406,SAO GONCALO DO AMARANTE,Desobediência à sinalização,Colisão lateral,Sem Vítimas        ,Pleno dia,Nublado,Dupla   ,Urbano,Caminhonete,Ileso       ,61.0,Masculino
214492,11/04/2007,RN,304,MOSSORO,Falta de atenção,Colisão Transversal,Com Vítimas Feridas,Pleno dia,Ceu Claro,Simples ,Urbano,Camioneta,Ileso       ,21.0,Masculino
214492,11/04/2007,RN,304,MOSSORO,Falta de atenção,Colisão Transversal,Com Vítimas Feridas,Pleno dia,Ceu Claro,Simples ,Urbano,Motocicletas,Ferido Leve ,46.0,Não Informado
214492,11/04/2007,RN,304,MOSSORO,Falta de atenção,Colisão Transversal,Com Vítimas Feridas,Pleno dia,Ceu Claro,Simples ,Urbano,Motocicletas,Ferido Grave,33.0,Masculino
214615,11/04/2007,RN,101,PARNAMIRIM,Não guardar distância de segurança,Colisão traseira,Sem Vítimas        ,Pleno dia,Ceu Claro,Múltipla,Urbano,Automóvel,Ileso       ,54.0,Masculino
214615,11/04/2007,RN,101,PARNAMIRIM,Não guardar distância de segurança,Colisão traseira,Sem Vítimas        ,Pleno dia,Ceu Claro,Múltipla,Urbano,Caminhão-Trator,Ileso       ,51.0,Masculino
214653,08/04/2007,RN,304,CAICARA DO RIO DO VENTO,Não guardar distância de segurança,Colisão lateral,Sem Vítimas        ,Pleno dia,Sol,Simples ,Rural ,Automóvel,Ileso       ,38.0,Masculino
214673,05/04/2007,RN,101,NATAL,Falta de atenção,Colisão lateral,Sem Vítimas        ,Plena noite,Ceu Claro,Dupla   ,Urbano,Automóvel,Ileso       ,27.0,Feminino
214673,05/04/2007,RN,101,NATAL,Falta de atenção,Colisão lateral,Sem Vítimas        ,Plena noite,Ceu Claro,Dupla   ,Urbano,Automóvel,Ileso       ,42.0,Não Informado
214742,09/04/2007,RN,101,PARNAMIRIM,Ingestão de álcool,Colisão Transversal,Com Vítimas Feridas,Amanhecer,Nublado,Dupla   ,Urbano,Automóvel,Ferido Leve ,34.0,Masculino
214742,09/04/2007,RN,101,PARNAMIRIM,Ingestão de álcool,Colisão Transversal,Com Vítimas Feridas,Amanhecer,Nublado,Dupla   ,Urbano,Caminhão,Ileso       ,35.0,Masculino
214742,09/04/2007,RN,101,PARNAMIRIM,Ingestão de álcool,Colisão Transversal,Com Vítimas Feridas,Amanhecer,Nublado,Dupla   ,Urbano,Caminhão,Ferido Leve ,-1.0,Não Informado
214772,08/04/2007,RN,101,NATAL,Ingestão de álcool,Colisão lateral,Sem Vítimas        ,Plena noite,Ceu Claro,Simples ,Rural ,Automóvel,Ileso       ,30.0,Masculino
214772,08/04/2007,RN,101,NATAL,Ingestão de álcool,Colisão lateral,Sem Vítimas        ,Plena noite,Ceu Claro,Simples ,Rural ,Automóvel,Ileso       ,23.0,Masculino
214776,12/04/2007,RN,101,NATAL,Outras,Saída de Pista,Com Vítimas Feridas,Pleno dia,Ceu Claro,Dupla   ,Rural ,Automóvel,Ferido Leve ,27.0,Feminino
214778,08/04/2007,RN,304,MACAIBA,Falta de atenção,Colisão traseira,Com Vítimas Feridas,Plena noite,Ceu Claro,Simples ,Rural ,Automóvel,Ferido Grave,41.0,Masculino
214778,08/04/2007,RN,304,MACAIBA,Falta de atenção,Colisão traseira,Com Vítimas Feridas,Plena noite,Ceu Claro,Simples ,Rural ,Automóvel,Ileso       ,43.0,Masculino
214778,08/04/2007,RN,304,MACAIBA,Falta de atenção,Colisão traseira,Com Vítimas Feridas,Plena noite,Ceu Claro,Simples ,Rural ,Automóvel,Ileso       ,36.0,Masculino
214800,08/04/2007,RN,304,MACAIBA,Falta de atenção,Colisão traseira,Sem Vítimas        ,Plena noite,Ceu Claro,Simples ,Rural ,Automóvel,Ileso       ,36.0,Masculino
214800,08/04/2007,RN,304,MACAIBA,Falta de atenção,Colisão traseira,Sem Vítimas        ,Plena noite,Ceu Claro,Simples ,Rural ,Automóvel,Ileso       ,36.0,Masculino
214806,09/04/2007,RN,101,NATAL,Falta de atenção,Colisão traseira,Sem Vítimas        ,Pleno dia,Sol,Dupla   ,Urbano,Automóvel,Ileso       ,21.0,Masculino
214806,09/04/2007,RN,101,NATAL,Falta de atenção,Colisão traseira,Sem Vítimas        ,Pleno dia,Sol,Dupla   ,Urbano,Automóvel,Ileso       ,43.0,Masculino
214837,09/04/2007,RN,101,EXTREMOZ,Outras,Colisão traseira,Sem Vítimas        ,Pleno dia,Sol,Simples ,Rural ,Camioneta,Ileso       ,33.0,Masculino
214837,09/04/2007,RN,101,EXTREMOZ,Outras,Colisão traseira,Sem Vítimas        ,Pleno dia,Sol,Simples ,Rural ,Camioneta,Ileso       ,37.0,Masculino
214867,12/04/2007,RN,304,MOSSORO,Falta de atenção,Colisão Transversal,Sem Vítimas        ,Pleno dia,Ceu Claro,Simples ,Urbano,Caminhão-Trator,Ileso       ,26.0,Masculino
214867,12/04/2007,RN,304,MOSSORO,Falta de atenção,Colisão Transversal,Sem Vítimas        ,Pleno dia,Ceu Claro,Simples ,Urbano,Automóvel,Ileso       ,45.0,Feminino
214870,08/04/2007,RN,226,CURRAIS NOVOS,Dormindo,Capotamento,Com Vítimas Feridas,Pleno dia,Ceu Claro,Simples ,Rural ,Automóvel,Ferido Leve ,28.0,Feminino
214882,12/04/2007,RN,406,NATAL,Animais na Pista,Atropelamento de animal,Sem Vítimas        ,Pleno dia,Ceu Claro,Simples ,Rural ,Automóvel,Ileso       ,27.0,Masculino
215019,12/04/2007,RN,101,PARNAMIRIM,Falta de atenção,Colisão traseira,Sem Vítimas        ,Plena noite,Nublado,Dupla   ,Urbano,Automóvel,Ileso       ,35.0,Masculino
215019,12/04/2007,RN,101,PARNAMIRIM,Falta de atenção,Colisão traseira,Sem Vítimas        ,Plena noite,Nublado,Dupla   ,Urbano,Caminhão,Ileso       ,33.0,Masculino
215031,12/04/2007,RN,405,MOSSORO,Animais na Pista,Atropelamento de animal,Sem Vítimas        ,Plena noite,Ceu Claro,Simples ,Urbano,Caminhão,Ileso       ,26.0,Masculino
215130,04/04/2007,RN,101,NATAL,Outras,Colisão lateral,Sem Vítimas        ,Plena noite,Ceu Claro,Múltipla,Urbano,Automóvel,Ileso       ,28.0,Masculino
215130,04/04/2007,RN,101,NATAL,Outras,Colisão lateral,Sem Vítimas        ,Plena noite,Ceu Claro,Múltipla,Urbano,Caminhão-Trator,Ileso       ,38.0,Masculino
215141,05/04/2007,RN,427,JARDIM DO SERIDO,Outras,Colisão com bicicleta,Com Vítimas Feridas,Plena noite,Ceu Claro,Simples ,Rural ,Automóvel,Ileso       ,50.0,Masculino
215141,05/04/2007,RN,427,JARDIM DO SERIDO,Outras,Colisão com bicicleta,Com Vítimas Feridas,Plena noite,Ceu Claro,Simples ,Rural ,Bicicleta,Ferido Grave,54.0,Masculino
215319,05/04/2007,RN,226,BOM JESUS,Falta de atenção,Colisão traseira,Sem Vítimas        ,Pleno dia,Sol,Simples ,Rural ,Automóvel,Ileso       ,29.0,Masculino
215319,05/04/2007,RN,226,BOM JESUS,Falta de atenção,Colisão traseira,Sem Vítimas        ,Pleno dia,Sol,Simples ,Rural ,Camioneta,Ileso       ,32.0,Masculino
215328,13/04/2007,RN,101,NATAL,Outras,Colisão Transversal,Sem Vítimas        ,Anoitecer,Nublado,Simples ,Urbano,Caminhonete,Ileso       ,49.0,Masculino
215328,13/04/2007,RN,101,NATAL,Outras,Colisão Transversal,Sem Vítimas        ,Anoitecer,Nublado,Simples ,Urbano,Automóvel,Ignorado    ,-1.0,Masculino
215357,13/04/2007,RN,101,NATAL,Falta de atenção,Colisão traseira,Sem Vítimas        ,Pleno dia,Ceu Claro,Dupla   ,Urbano,Automóvel,Ileso       ,37.0,Masculino
215357,13/04/2007,RN,101,NATAL,Falta de atenção,Colisão traseira,Sem Vítimas        ,Pleno dia,Ceu Claro,Dupla   ,Urbano,Caminhão,Ileso       ,42.0,Masculino
215358,13/04/2007,RN,101,NATAL,Falta de atenção,Colisão lateral,Sem Vítimas        ,Pleno dia,Nublado,Dupla   ,Urbano,Automóvel,Ileso       ,71.0,Masculino
215358,13/04/2007,RN,101,NATAL,Falta de atenção,Colisão lateral,Sem Vítimas        ,Pleno dia,Nublado,Dupla   ,Urbano,Ônibus,Ileso       ,27.0,Masculino
215581,14/04/2007,RN,304,MOSSORO,Falta de atenção,Saída de Pista,Ignorado           ,Pleno dia,Sol,Simples ,Urbano,Automóvel,Ignorado    ,-1.0,Não Informado
215599,10/04/2007,RN,101,PARNAMIRIM,Outras,Atropelamento de pessoa,Com Vítimas Feridas,Pleno dia,Ceu Claro,Dupla   ,Urbano,(null),Ferido Leve ,62.0,Feminino
215599,10/04/2007,RN,101,PARNAMIRIM,Outras,Atropelamento de pessoa,Com Vítimas Feridas,Pleno dia,Ceu Claro,Dupla   ,Urbano,Automóvel,Ileso       ,-1.0,Masculino
215673,09/04/2007,RN,226,CURRAIS NOVOS,Defeito mecânico em veículo,Saída de Pista,Sem Vítimas        ,Pleno dia,Nublado,Simples ,Rural ,Caminhonete,Ileso       ,41.0,Masculino
215684,17/02/2007,RN,405,MOSSORO,Falta de atenção,Colisão com bicicleta,Com Vítimas Fatais ,Pleno dia,Ceu Claro,Dupla   ,Urbano,Caminhão,Ileso       ,43.0,Masculino
215684,17/02/2007,RN,405,MOSSORO,Falta de atenção,Colisão com bicicleta,Com Vítimas Fatais ,Pleno dia,Ceu Claro,Dupla   ,Urbano,Bicicleta,Morto       ,49.0,Masculino
215686,14/04/2007,RN,304,MACAIBA,Ingestão de álcool,Colisão frontal,Sem Vítimas        ,Pleno dia,Ceu Claro,Simples ,Urbano,Automóvel,Ileso       ,46.0,Masculino
215686,14/04/2007,RN,304,MACAIBA,Ingestão de álcool,Colisão frontal,Sem Vítimas        ,Pleno dia,Ceu Claro,Simples ,Urbano,Camioneta,Ileso       ,34.0,Masculino
215749,14/04/2007,RN,405,MOSSORO,Desobediência à sinalização,Colisão lateral,Sem Vítimas        ,Plena noite,Ceu Claro,Dupla   ,Urbano,Automóvel,Ileso       ,28.0,Masculino
215749,14/04/2007,RN,405,MOSSORO,Desobediência à sinalização,Colisão lateral,Sem Vítimas        ,Plena noite,Ceu Claro,Dupla   ,Urbano,Motocicletas,Ileso       ,33.0,Masculino
215766,14/04/2007,RN,101,PARNAMIRIM,Desobediência à sinalização,Colisão Transversal,Com Vítimas Feridas,Plena noite,Ceu Claro,Dupla   ,Urbano,Automóvel,Ferido Leve ,36.0,Masculino
215766,14/04/2007,RN,101,PARNAMIRIM,Desobediência à sinalização,Colisão Transversal,Com Vítimas Feridas,Plena noite,Ceu Claro,Dupla   ,Urbano,Automóvel,Ileso       ,26.0,Masculino
215780,10/04/2007,RN,101,PARNAMIRIM,Falta de atenção,Colisão traseira,Sem Vítimas        ,Pleno dia,Ceu Claro,Dupla   ,Urbano,Caminhonete,Ileso       ,67.0,Masculino
215780,10/04/2007,RN,101,PARNAMIRIM,Falta de atenção,Colisão traseira,Sem Vítimas        ,Pleno dia,Ceu Claro,Dupla   ,Urbano,Caminhão,Ileso       ,43.0,Masculino
215854,07/04/2007,RN,427,CAICO,Outras,Atropelamento de pessoa,Com Vítimas Fatais ,Plena noite,Ceu Claro,Simples ,Urbano,(null),Morto       ,-1.0,Não Informado
215887,14/04/2007,RN,427,CURRAIS NOVOS,Não guardar distância de segurança,Colisão traseira,Com Vítimas Feridas,Plena noite,Ceu Claro,Simples ,Rural ,Motocicletas,Ferido Leve ,52.0,Masculino
215887,14/04/2007,RN,427,CURRAIS NOVOS,Não guardar distância de segurança,Colisão traseira,Com Vítimas Feridas,Plena noite,Ceu Claro,Simples ,Rural ,Automóvel,Ignorado    ,-1.0,Não Informado
215892,04/04/2007,RN,427,CURRAIS NOVOS,Outras,Colisão lateral,Com Vítimas Feridas,Pleno dia,Ceu Claro,Simples ,Rural ,Automóvel,Ferido Grave,22.0,Masculino
215892,04/04/2007,RN,427,CURRAIS NOVOS,Outras,Colisão lateral,Com Vítimas Feridas,Pleno dia,Ceu Claro,Simples ,Rural ,Caminhão,Ileso       ,29.0,Masculino
215916,15/04/2007,RN,304,MOSSORO,Defeito mecânico em veículo,Saída de Pista,Com Vítimas Feridas,Pleno dia,Ceu Claro,Simples ,Rural ,Automóvel,Ferido Leve ,22.0,Masculino
215916,15/04/2007,RN,304,MOSSORO,Defeito mecânico em veículo,Saída de Pista,Com Vítimas Feridas,Pleno dia,Ceu Claro,Simples ,Rural ,Automóvel,Ferido Leve ,23.0,Feminino
215916,15/04/2007,RN,304,MOSSORO,Defeito mecânico em veículo,Saída de Pista,Com Vítimas Feridas,Pleno dia,Ceu Claro,Simples ,Rural ,Automóvel,Ferido Leve ,15.0,Feminino
215916,15/04/2007,RN,304,MOSSORO,Defeito mecânico em veículo,Saída de Pista,Com Vítimas Feridas,Pleno dia,Ceu Claro,Simples ,Rural ,Automóvel,Ferido Leve ,24.0,Feminino
216025,15/04/2007,RN,101,SAO GONCALO DO AMARANTE,Outras,Colisão com objeto fixo,Sem Vítimas        ,Anoitecer,Ceu Claro,Dupla   ,Urbano,Automóvel,Ileso       ,33.0,Masculino