id,data_inversa,uf,br,municipio,causa_acidente,tipo_acidente,classificacao_acidente,fase_dia,condicao_metereologica,tipo_pista,uso_solo,tipo_veiculo,estado_fisico,idade,sexo
237654,06/06/2007,RN,101,SAO GONCALO DO AMARANTE,Não guardar distância de segurança,Colisão traseira,Sem Vítimas        ,Plena noite,Ceu Claro,Dupla   ,Urbano,Caminhão,Ileso       ,48.0,Masculino
237654,06/06/2007,RN,101,SAO GONCALO DO AMARANTE,Não guardar distância de segurança,Colisão traseira,Sem Vítimas        ,Plena noite,Ceu Claro,Dupla   ,Urbano,Automóvel,Ileso       ,50.0,Masculino
237667,01/02/2007,RN,304,MOSSORO,Velocidade incompatível,Colisão frontal,Com Vítimas Fatais ,Pleno dia,Nublado,Simples ,Rural ,Automóvel,Morto       ,52.0,Masculino
237667,01/02/2007,RN,304,MOSSORO,Velocidade incompatível,Colisão frontal,Com Vítimas Fatais ,Pleno dia,Nublado,Simples ,Rural ,Automóvel,Morto       ,54.0,Masculino
237667,01/02/2007,RN,304,MOSSORO,Velocidade incompatível,Colisão frontal,Com Vítimas Fatais ,Pleno dia,Nublado,Simples ,Rural ,Automóvel,Morto       ,38.0,Masculino
237667,01/02/2007,RN,304,MOSSORO,Velocidade incompatível,Colisão frontal,Com Vítimas Fatais ,Pleno dia,Nublado,Simples ,Rural ,Automóvel,Morto       ,49.0,Masculino
237690,07/06/2007,RN,101,NATAL,Outras,Colisão lateral,Sem Vítimas        ,Plena noite,Ceu Claro,Múltipla,Urbano,Automóvel,Ileso       ,41.0,Masculino
237747,07/06/2007,RN,304,MOSSORO,Ingestão de álcool,Colisão frontal,Com Vítimas Feridas,Plena noite,Ceu Claro,Simples ,Urbano,Motocicletas,Ferido Grave,37.0,Masculino
237747,07/06/2007,RN,304,MOSSORO,Ingestão de álcool,Colisão frontal,Com Vítimas Feridas,Plena noite,Ceu Claro,Simples ,Urbano,Automóvel,Ileso       ,29.0,Masculino
237779,03/06/2007,RN,101,PARNAMIRIM,Não guardar distância de segurança,Colisão traseira,Com Vítimas Feridas,Pleno dia,Nublado,Dupla   ,Urbano,Caminhão-Trator,Ileso       ,29.0,Masculino
237779,03/06/2007,RN,101,PARNAMIRIM,Não guardar distância de segurança,Colisão traseira,Com Vítimas Feridas,Pleno dia,Nublado,Dupla   ,Urbano,Caminhão-Trator,Ferido Leve ,51.0,Masculino
237819,07/06/2007,RN,101,PARNAMIRIM,Outras,Colisão Transversal,Sem Vítimas        ,Pleno dia,Ceu Claro,Simples ,Rural ,Automóvel,Ileso       ,52.0,Masculino
237819,07/06/2007,RN,101,PARNAMIRIM,Outras,Colisão Transversal,Sem Vítimas        ,Pleno dia,Ceu Claro,Simples ,Rural ,Automóvel,Ileso       ,50.0,Masculino
237825,07/06/2007,RN,110,MOSSORO,Ingestão de álcool,Colisão Transversal,Sem Vítimas        ,Pleno dia,Ceu Claro,Simples ,Urbano,Automóvel,Ileso       ,39.0,Masculino
237825,07/06/2007,RN,110,MOSSORO,Ingestão de álcool,Colisão Transversal,Sem Vítimas        ,Pleno dia,Ceu Claro,Simples ,Urbano,Automóvel,Ileso       ,47.0,Masculino
237850,03/06/2007,RN,304,MACAIBA,Outras,Colisão Transversal,Com Vítimas Feridas,Pleno dia,Nublado,Múltipla,Urbano,Caminhonete,Ileso       ,37.0,Masculino
237850,03/06/2007,RN,304,MACAIBA,Outras,Colisão Transversal,Com Vítimas Feridas,Pleno dia,Nublado,Múltipla,Urbano,Motocicletas,Ferido Leve ,25.0,Masculino
237850,03/06/2007,RN,304,MACAIBA,Outras,Colisão Transversal,Com Vítimas Feridas,Pleno dia,Nublado,Múltipla,Urbano,Motocicletas,Ferido Grave,48.0,Feminino
237902,07/06/2007,RN,110,MOSSORO,Falta de atenção,Colisão Transversal,Com Vítimas Feridas,Pleno dia,Sol,Simples ,Rural ,Automóvel,Ferido Leve ,34.0,Masculino
237902,07/06/2007,RN,110,MOSSORO,Falta de atenção,Colisão Transversal,Com Vítimas Feridas,Pleno dia,Sol,Simples ,Rural ,Caminhão-Trator,Ileso       ,44.0,Masculino
238038,07/06/2007,RN,101,NATAL,Outras,Atropelamento de pessoa,Com Vítimas Feridas,Plena noite,Ceu Claro,Múltipla,Urbano,Motocicletas,Ferido Leve ,30.0,Masculino
238038,07/06/2007,RN,101,NATAL,Outras,Atropelamento de pessoa,Com Vítimas Feridas,Plena noite,Ceu Claro,Múltipla,Urbano,(null),Ferido Grave,-1.0,Não Informado
238125,04/06/2007,RN,304,ITAJA,Animais na Pista,Atropelamento de animal,Sem Vítimas        ,Amanhecer,Ceu Claro,Dupla   ,Rural ,Automóvel,Ileso       ,25.0,Masculino
238190,31/05/2007,RN,101,PARNAMIRIM,Não guardar distância de segurança,Colisão traseira,Sem Vítimas        ,Plena noite,Chuva,Dupla   ,Rural ,Camioneta,Ileso       ,23.0,Masculino
238190,31/05/2007,RN,101,PARNAMIRIM,Não guardar distância de segurança,Colisão traseira,Sem Vítimas        ,Plena noite,Chuva,Dupla   ,Rural ,Automóvel,Ileso       ,56.0,Masculino
238190,31/05/2007,RN,101,PARNAMIRIM,Não guardar distância de segurança,Colisão traseira,Sem Vítimas        ,Plena noite,Chuva,Dupla   ,Rural ,Automóvel,Ileso       ,67.0,Não Informado
238361,02/06/2007,RN,101,PARNAMIRIM,Outras,Saída de Pista,Com Vítimas Feridas,Plena noite,Ignorada,Dupla   ,Urbano,Automóvel,Ferido Grave,41.0,Masculino
238361,02/06/2007,RN,101,PARNAMIRIM,Outras,Saída de Pista,Com Vítimas Feridas,Plena noite,Ignorada,Dupla   ,Urbano,Automóvel,Ferido Leve ,39.0,Masculino
238361,02/06/2007,RN,101,PARNAMIRIM,Outras,Saída de Pista,Com Vítimas Feridas,Plena noite,Ignorada,Dupla   ,Urbano,Automóvel,Ferido Grave,45.0,Masculino
238372,13/04/2007,RN,226,SERRA CAIADA,Outras,Queda de motocicleta / bicicleta / veículo,Com Vítimas Feridas,Pleno dia,Ceu Claro,Simples ,Rural ,Caminhonete,Ileso       ,-1.0,Não Informado
238372,13/04/2007,RN,226,SERRA CAIADA,Outras,Queda de motocicleta / bicicleta / veículo,Com Vítimas Feridas,Pleno dia,Ceu Claro,Simples ,Rural ,Caminhonete,Ferido Grave,13.0,Feminino
238372,13/04/2007,RN,226,SERRA CAIADA,Outras,Queda de motocicleta / bicicleta / veículo,Com Vítimas Feridas,Pleno dia,Ceu Claro,Simples ,Rural ,Caminhonete,Ileso       ,13.0,Não Informado
238443,08/06/2007,RN,101,NATAL,Falta de atenção,Colisão traseira,Com Vítimas Feridas,Anoitecer,Nublado,Dupla   ,Urbano,Automóvel,Ferido Leve ,42.0,Masculino
238443,08/06/2007,RN,101,NATAL,Falta de atenção,Colisão traseira,Com Vítimas Feridas,Anoitecer,Nublado,Dupla   ,Urbano,Automóvel,Ileso       ,-1.0,Não Informado
238463,08/06/2007,RN,101,SAO GONCALO DO AMARANTE,Não guardar distância de segurança,Colisão traseira,Sem Vítimas        ,Plena noite,Chuva,Dupla   ,Urbano,Automóvel,Ileso       ,43.0,Feminino
238463,08/06/2007,RN,101,SAO GONCALO DO AMARANTE,Não guardar distância de segurança,Colisão traseira,Sem Vítimas        ,Plena noite,Chuva,Dupla   ,Urbano,Automóvel,Ileso       ,31.0,Masculino
238463,08/06/2007,RN,101,SAO GONCALO DO AMARANTE,Não guardar distância de segurança,Colisão traseira,Sem Vítimas        ,Plena noite,Chuva,Dupla   ,Urbano,Automóvel,Ileso       ,30.0,Masculino
238470,08/06/2007,RN,101,SAO GONCALO DO AMARANTE,Desobediência à sinalização,Colisão traseira,Sem Vítimas        ,Pleno dia,Nublado,Dupla   ,Urbano,Automóvel,Ileso       ,63.0,Masculino
238470,08/06/2007,RN,101,SAO GONCALO DO AMARANTE,Desobediência à sinalização,Colisão traseira,Sem Vítimas        ,Pleno dia,Nublado,Dupla   ,Urbano,Ônibus,Ileso       ,50.0,Masculino
238474,08/06/2007,RN,101,PARNAMIRIM,Outras,Colisão Transversal,Com Vítimas Feridas,Pleno dia,Ceu Claro,Dupla   ,Urbano,Motocicletas,Ferido Leve ,42.0,Masculino
238474,08/06/2007,RN,101,PARNAMIRIM,Outras,Colisão Transversal,Com Vítimas Feridas,Pleno dia,Ceu Claro,Dupla   ,Urbano,Automóvel,Ileso       ,25.0,Não Informado
238508,08/06/2007,RN,101,NATAL,Velocidade incompatível,Colisão traseira,Sem Vítimas        ,Plena noite,Chuva,Dupla   ,Urbano,Automóvel,Ileso       ,43.0,Masculino
238508,08/06/2007,RN,101,NATAL,Velocidade incompatível,Colisão traseira,Sem Vítimas        ,Plena noite,Chuva,Dupla   ,Urbano,Ônibus,Ileso       ,49.0,Masculino
238531,08/06/2007,RN,101,SAO GONCALO DO AMARANTE,Falta de atenção,Colisão Transversal,Com Vítimas Feridas,Pleno dia,Nublado,Dupla   ,Urbano,Motocicletas,Ferido Leve ,30.0,Masculino
238531,08/06/2007,RN,101,SAO GONCALO DO AMARANTE,Falta de atenção,Colisão Transversal,Com Vítimas Feridas,Pleno dia,Nublado,Dupla   ,Urbano,Automóvel,Ileso       ,58.0,Masculino
238551,31/05/2007,RN,101,CANGUARETAMA,Falta de atenção,Colisão Transversal,Sem Vítimas        ,Plena noite,Nublado,Simples ,Rural ,Caminhão,Ileso       ,25.0,Masculino
238551,31/05/2007,RN,101,CANGUARETAMA,Falta de atenção,Colisão Transversal,Sem Vítimas        ,Plena noite,Nublado,Simples ,Rural ,Automóvel,Ileso       ,35.0,Masculino
238552,08/06/2007,RN,101,NATAL,Não guardar distância de segurança,Colisão traseira,Sem Vítimas        ,Plena noite,Chuva,Dupla   ,Urbano,Automóvel,Ileso       ,25.0,Masculino
238552,08/06/2007,RN,101,NATAL,Não guardar distância de segurança,Colisão traseira,Sem Vítimas        ,Plena noite,Chuva,Dupla   ,Urbano,Automóvel,Ileso       ,27.0,Masculino
238567,08/06/2007,RN,101,PARNAMIRIM,Não guardar distância de segurança,Colisão lateral,Sem Vítimas        ,Pleno dia,Nublado,Dupla   ,Urbano,Não identificado,Ignorado    ,-1.0,Não Informado
238567,08/06/2007,RN,101,PARNAMIRIM,Não guardar distância de segurança,Colisão lateral,Sem Vítimas        ,Pleno dia,Nublado,Dupla   ,Urbano,Caminhonete,Ileso       ,22.0,Masculino
238574,08/06/2007,RN,101,PARNAMIRIM,Outras,Colisão traseira,Com Vítimas Feridas,Plena noite,Chuva,Múltipla,Urbano,Automóvel,Ferido Leve ,77.0,Masculino
238574,08/06/2007,RN,101,PARNAMIRIM,Outras,Colisão traseira,Com Vítimas Feridas,Plena noite,Chuva,Múltipla,Urbano,Automóvel,Ferido Leve ,37.0,Feminino
238574,08/06/2007,RN,101,PARNAMIRIM,Outras,Colisão traseira,Com Vítimas Feridas,Plena noite,Chuva,Múltipla,Urbano,Automóvel,Ferido Leve ,11.0,Masculino
238574,08/06/2007,RN,101,PARNAMIRIM,Outras,Colisão traseira,Com Vítimas Feridas,Plena noite,Chuva,Múltipla,Urbano,Automóvel,Ileso       ,30.0,Masculino
238574,08/06/2007,RN,101,PARNAMIRIM,Outras,Colisão traseira,Com Vítimas Feridas,Plena noite,Chuva,Múltipla,Urbano,Automóvel,Ileso       ,55.0,Não Informado
238578,08/06/2007,RN,405,APODI,Falta de atenção,Colisão traseira,Sem Vítimas        ,Pleno dia,Ceu Claro,Dupla   ,Urbano,Caminhão-Trator,Ileso       ,56.0,Masculino
238578,08/06/2007,RN,405,APODI,Falta de atenção,Colisão traseira,Sem Vítimas        ,Pleno dia,Ceu Claro,Dupla   ,Urbano,Caminhão,Ileso       ,48.0,Masculino
238625,05/06/2007,RN,101,NATAL,Falta de atenção,Colisão lateral,Sem Vítimas        ,Pleno dia,Sol,Dupla   ,Urbano,Caminhonete,Ileso       ,40.0,Masculino
238625,05/06/2007,RN,101,NATAL,Falta de atenção,Colisão lateral,Sem Vítimas        ,Pleno dia,Sol,Dupla   ,Urbano,Automóvel,Ileso       ,43.0,Masculino
238644,09/06/2007,RN,101,NATAL,Não guardar distância de segurança,Colisão traseira,Sem Vítimas        ,Pleno dia,Nublado,Dupla   ,Urbano,Automóvel,Ileso       ,43.0,Masculino
238644,09/06/2007,RN,101,NATAL,Não guardar distância de segurança,Colisão traseira,Sem Vítimas        ,Pleno dia,Nublado,Dupla   ,Urbano,Automóvel,Ileso       ,-1.0,Não Informado
238648,05/06/2007,RN,226,NATAL,Falta de atenção,Colisão com bicicleta,Com Vítimas Fatais ,Plena noite,Nublado,Simples ,Rural ,Bicicleta,Morto       ,36.0,Masculino
238648,05/06/2007,RN,226,NATAL,Falta de atenção,Colisão com bicicleta,Com Vítimas Fatais ,Plena noite,Nublado,Simples ,Rural ,Não identificado,Ignorado    ,-1.0,Não Informado
238656,08/06/2007,RN,304,RIACHUELO,Outras,Capotamento,Sem Vítimas        ,Anoitecer,Chuva,Simples ,Rural ,Automóvel,Ileso       ,19.0,Masculino
238656,08/06/2007,RN,304,RIACHUELO,Outras,Capotamento,Sem Vítimas        ,Anoitecer,Chuva,Simples ,Rural ,Não identificado,Ileso       ,-1.0,Não Informado
238659,09/06/2007,RN,101,NATAL,Outras,Colisão traseira,Com Vítimas Feridas,Pleno dia,Chuva,Múltipla,Urbano,Automóvel,Ileso       ,42.0,Feminino
238659,09/06/2007,RN,101,NATAL,Outras,Colisão traseira,Com Vítimas Feridas,Pleno dia,Chuva,Múltipla,Urbano,Camioneta,Ileso       ,50.0,Masculino
238659,09/06/2007,RN,101,NATAL,Outras,Colisão traseira,Com Vítimas Feridas,Pleno dia,Chuva,Múltipla,Urbano,Automóvel,Ferido Leve ,-1.0,Feminino
238665,09/06/2007,RN,304,MOSSORO,Outras,Colisão traseira,Sem Vítimas        ,Pleno dia,Nublado,Simples ,Urbano,Motocicletas,Ileso       ,24.0,Masculino
238665,09/06/2007,RN,304,MOSSORO,Outras,Colisão traseira,Sem Vítimas        ,Pleno dia,Nublado,Simples ,Urbano,Não identificado,Ignorado    ,-1.0,Não Informado
238669,09/06/2007,RN,101,NATAL,Não guardar distância de segurança,Colisão lateral,Sem Vítimas        ,Pleno dia,Chuva,Dupla   ,Urbano,Automóvel,Ileso       ,23.0,Feminino
238669,09/06/2007,RN,101,NATAL,Não guardar distância de segurança,Colisão lateral,Sem Vítimas        ,Pleno dia,Chuva,Dupla   ,Urbano,Automóvel,Ileso       ,-1.0,Não Informado
238731,06/06/2007,RN,101,PARNAMIRIM,Falta de atenção,Colisão Transversal,Com Vítimas Feridas,Amanhecer,Ceu Claro,Dupla   ,Urbano,Bicicleta,Ferido Leve ,57.0,Masculino
238731,06/06/2007,RN,101,PARNAMIRIM,Falta de atenção,Colisão Transversal,Com Vítimas Feridas,Amanhecer,Ceu Claro,Dupla   ,Urbano,Automóvel,Ignorado    ,-1.0,Não Informado
238756,01/06/2007,RN,101,NATAL,Desobediência à sinalização,Colisão traseira,Sem Vítimas        ,Amanhecer,Ceu Claro,Simples ,Urbano,Microônibus,Ileso       ,37.0,Masculino
238756,01/06/2007,RN,101,NATAL,Desobediência à sinalização,Colisão traseira,Sem Vítimas        ,Amanhecer,Ceu Claro,Simples ,Urbano,Caminhão,Ileso       ,28.0,Masculino
238807,28/05/2007,RN,101,NATAL,Falta de atenção,Colisão lateral,Sem Vítimas        ,Pleno dia,Ceu Claro,Dupla   ,Urbano,Automóvel,Ileso       ,26.0,Masculino
238807,28/05/2007,RN,101,NATAL,Falta de atenção,Colisão lateral,Sem Vítimas        ,Pleno dia,Ceu Claro,Dupla   ,Urbano,Caminhão,Ileso       ,32.0,Masculino
238915,09/06/2007,RN,101,PARNAMIRIM,Não guardar distância de segurança,Colisão traseira,Sem Vítimas        ,Pleno dia,Chuva,Simples ,Rural ,Caminhonete,Ileso       ,30.0,Masculino
238915,09/06/2007,RN,101,PARNAMIRIM,Não guardar distância de segurança,Colisão traseira,Sem Vítimas        ,Pleno dia,Chuva,Simples ,Rural ,Ônibus,Ileso       ,52.0,Masculino
238928,10/06/2007,RN,304,MOSSORO,Defeito na via,Queda de motocicleta / bicicleta / veículo,Com Vítimas Feridas,Plena noite,Ceu Claro,Simples ,Urbano,Motocicletas,Ferido Grave,28.0,Masculino
238969,05/06/2007,RN,101,NATAL,Não guardar distância de segurança,Colisão lateral,Sem Vítimas        ,Pleno dia,Ceu Claro,Múltipla,Urbano,Ônibus,Ileso       ,30.0,Masculino
238969,05/06/2007,RN,101,NATAL,Não guardar distância de segurança,Colisão lateral,Sem Vítimas        ,Pleno dia,Ceu Claro,Múltipla,Urbano,Automóvel,Ileso       ,55.0,Masculino
238987,05/06/2007,RN,101,NATAL,Outras,Colisão Transversal,Com Vítimas Feridas,Plena noite,Ceu Claro,Múltipla,Urbano,Camioneta,Ileso       ,48.0,Masculino
238987,05/06/2007,RN,101,NATAL,Outras,Colisão Transversal,Com Vítimas Feridas,Plena noite,Ceu Claro,Múltipla,Urbano,Automóvel,Ferido Leve ,27.0,Masculino
238987,05/06/2007,RN,101,NATAL,Outras,Colisão Transversal,Com Vítimas Feridas,Plena noite,Ceu Claro,Múltipla,Urbano,Camioneta,Ferido Leve ,39.0,Masculino
238987,05/06/2007,RN,101,NATAL,Outras,Colisão Transversal,Com Vítimas Feridas,Plena noite,Ceu Claro,Múltipla,Urbano,Automóvel,Ferido Leve ,20.0,Feminino
238987,05/06/2007,RN,101,NATAL,Outras,Colisão Transversal,Com Vítimas Feridas,Plena noite,Ceu Claro,Múltipla,Urbano,Automóvel,Ferido Leve ,16.0,Feminino
239046,10/06/2007,RN,406,TAIPU,Falta de atenção,Colisão lateral,Sem Vítimas        ,Amanhecer,Ceu Claro,Simples ,Rural ,Automóvel,Ileso       ,30.0,Masculino
239046,10/06/2007,RN,406,TAIPU,Falta de atenção,Colisão lateral,Sem Vítimas        ,Amanhecer,Ceu Claro,Simples ,Rural ,Automóvel,Ileso       ,63.0,Masculino
239136,10/06/2007,RN,406,SAO GONCALO DO AMARANTE,Não guardar distância de segurança,Colisão traseira,Com Vítimas Feridas,Pleno dia,Ceu Claro,Simples ,Rural ,Automóvel,Ileso       ,32.0,Masculino
239136,10/06/2007,RN,406,SAO GONCALO DO AMARANTE,Não guardar distância de segurança,Colisão traseira,Com Vítimas Feridas,Pleno dia,Ceu Claro,Simples ,Rural ,Motocicletas,Ferido Leve ,28.0,Masculino
239214,10/06/2007,RN,405,MOSSORO,Falta de atenção,Colisão com bicicleta,Com Vítimas Feridas,Plena noite,Ceu Claro,Simples ,Rural ,Automóvel,Ignorado    ,-1.0,Não Informado
239214,10/06/2007,RN,405,MOSSORO,Falta de atenção,Colisão com bicicleta,Com Vítimas Feridas,Plena noite,Ceu Claro,Simples ,Rural ,Bicicleta,Ferido Leve ,41.0,Masculino
239343,10/06/2007,RN,101,CANGUARETAMA,Defeito na via,Tombamento,Com Vítimas Feridas,Plena noite,Ceu Claro,Simples ,Rural ,Caminhão,Ferido Grave,71.0,Masculino
239447,07/06/2007,RN,304,MOSSORO,Falta de atenção,Saída de Pista,Sem Vítimas        ,Plena noite,Ceu Claro,Simples ,Rural ,Automóvel,Ileso       ,26.0,Masculino
239481,08/06/2007,RN,405,MOSSORO,Animais na Pista,Capotamento,Sem Vítimas        ,Plena noite,Ceu Claro,Simples ,Rural ,Automóvel,Ileso       ,24.0,Masculino
239507,07/06/2007,RN,406,NATAL,Ultrapassagem indevida,Colisão lateral,Sem Vítimas        ,Anoitecer,Ceu Claro,Simples ,Urbano,Automóvel,Ignorado    ,44.0,Masculino
239507,07/06/2007,RN,406,NATAL,Ultrapassagem indevida,Colisão lateral,Sem Vítimas        ,Anoitecer,Ceu Claro,Simples ,Urbano,Automóvel,Ileso       ,40.0,Masculino
239522,06/06/2007,RN,101,NATAL,Outras,Atropelamento de pessoa,Com Vítimas Feridas,Plena noite,Ignorada,Múltipla,Urbano,Automóvel,Ileso       ,22.0,Masculino
239522,06/06/2007,RN,101,NATAL,Outras,Atropelamento de pessoa,Com Vítimas Feridas,Plena noite,Ignorada,Múltipla,Urbano,(null),Ferido Leve ,22.0,Masculino
239545,10/06/2007,RN,101,SAO GONCALO DO AMARANTE,Outras,Colisão Transversal,Sem Vítimas        ,Plena noite,Ceu Claro,Dupla   ,Urbano,Automóvel,Ileso       ,61.0,Masculino
239545,10/06/2007,RN,101,SAO GONCALO DO AMARANTE,Outras,Colisão Transversal,Sem Vítimas        ,Plena noite,Ceu Claro,Dupla   ,Urbano,Motoneta,Ileso       ,29.0,Feminino
239743,19/05/2007,RN,101,NATAL,Não guardar distância de segurança,Colisão traseira,Com Vítimas Feridas,Plena noite,Ceu Claro,Dupla   ,Urbano,Motocicletas,Ferido Leve ,33.0,Masculino
239743,19/05/2007,RN,101,NATAL,Não guardar distância de segurança,Colisão traseira,Com Vítimas Feridas,Plena noite,Ceu Claro,Dupla   ,Urbano,Automóvel,Ileso       ,28.0,Masculino
239754,10/06/2007,RN,304,MOSSORO,Não guardar distância de segurança,Colisão traseira,Sem Vítimas        ,Plena noite,Ceu Claro,Simples ,Urbano,Caminhão-Trator,Ileso       ,33.0,Masculino
239754,10/06/2007,RN,304,MOSSORO,Não guardar distância de segurança,Colisão traseira,Sem Vítimas        ,Plena noite,Ceu Claro,Simples ,Urbano,Caminhão,Ileso       ,29.0,Masculino
239783,11/06/2007,RN,101,NATAL,Desobediência à sinalização,Colisão lateral,Sem Vítimas        ,Pleno dia,Nublado,Múltipla,Urbano,Caminhonete,Ileso       ,38.0,Masculino
239783,11/06/2007,RN,101,NATAL,Desobediência à sinalização,Colisão lateral,Sem Vítimas        ,Pleno dia,Nublado,Múltipla,Urbano,Automóvel,Ileso       ,42.0,Masculino
239795,13/01/2007,RN,101,PARNAMIRIM,Falta de atenção,Colisão Transversal,Com Vítimas Feridas,Pleno dia,Ceu Claro,Simples ,Rural ,Automóvel,Ferido Leve ,46.0,Masculino
239795,13/01/2007,RN,101,PARNAMIRIM,Falta de atenção,Colisão Transversal,Com Vítimas Feridas,Pleno dia,Ceu Claro,Simples ,Rural ,Microônibus,Ileso       ,32.0,Masculino
239795,13/01/2007,RN,101,PARNAMIRIM,Falta de atenção,Colisão Transversal,Com Vítimas Feridas,Pleno dia,Ceu Claro,Simples ,Rural ,Automóvel,Ferido Grave,15.0,Feminino
239820,11/06/2007,RN,101,PARNAMIRIM,Desobediência à sinalização,Colisão Transversal,Sem Vítimas        ,Pleno dia,Ceu Claro,Dupla   ,Urbano,Motocicletas,Ileso       ,29.0,Masculino
239820,11/06/2007,RN,101,PARNAMIRIM,Desobediência à sinalização,Colisão Transversal,Sem Vítimas        ,Pleno dia,Ceu Claro,Dupla   ,Urbano,Automóvel,Ileso       ,23.0,Masculino
239837,09/06/2007,RN,101,NATAL,Falta de atenção,Colisão traseira,Sem Vítimas        ,Plena noite,Chuva,Dupla   ,Urbano,Automóvel,Ileso       ,38.0,Masculino
239837,09/06/2007,RN,101,NATAL,Falta de atenção,Colisão traseira,Sem Vítimas        ,Plena noite,Chuva,Dupla   ,Urbano,Automóvel,Ileso       ,26.0,Masculino
239901,19/05/2007,RN,101,PARNAMIRIM,Outras,Colisão Transversal,Com Vítimas Feridas,Pleno dia,Nublado,Simples ,Urbano,Camioneta,Ferido Grave,32.0,Masculino
239901,19/05/2007,RN,101,PARNAMIRIM,Outras,Colisão Transversal,Com Vítimas Feridas,Pleno dia,Nublado,Simples ,Urbano,Caminhonete,Ileso       ,50.0,Masculino
239901,19/05/2007,RN,101,PARNAMIRIM,Outras,Colisão Transversal,Com Vítimas Feridas,Pleno dia,Nublado,Simples ,Urbano,Automóvel,Ferido Leve ,-1.0,Masculino
239901,19/05/2007,RN,101,PARNAMIRIM,Outras,Colisão Transversal,Com Vítimas Feridas,Pleno dia,Nublado,Simples ,Urbano,Automóvel,Ileso       ,48.0,Masculino
239908,10/06/2007,RN,101,NATAL,Falta de atenção,Colisão traseira,Com Vítimas Feridas,Pleno dia,Ceu Claro,Dupla   ,Urbano,Automóvel,Ileso       ,46.0,Masculino
239908,10/06/2007,RN,101,NATAL,Falta de atenção,Colisão traseira,Com Vítimas Feridas,Pleno dia,Ceu Claro,Dupla   ,Urbano,Automóvel,Ferido Leve ,43.0,Masculino
239908,10/06/2007,RN,101,NATAL,Falta de atenção,Colisão traseira,Com Vítimas Feridas,Pleno dia,Ceu Claro,Dupla   ,Urbano,Automóvel,Ferido Grave,45.0,Feminino
240015,12/06/2007,RN,101,SAO JOSE DE MIPIBU,Outras,Colisão traseira,Sem Vítimas        ,Pleno dia,Ceu Claro,Simples ,Urbano,Caminhonete,Ileso       ,42.0,Não Informado
240015,12/06/2007,RN,101,SAO JOSE DE MIPIBU,Outras,Colisão traseira,Sem Vítimas        ,Pleno dia,Ceu Claro,Simples ,Urbano,Automóvel,Ileso       ,44.0,Não Informado
240015,12/06/2007,RN,101,SAO JOSE DE MIPIBU,Outras,Colisão traseira,Sem Vítimas        ,Pleno dia,Ceu Claro,Simples ,Urbano,Automóvel,Ileso       ,35.0,Não Informado
240026,09/06/2007,RN,101,NATAL,Falta de atenção,Colisão com objeto fixo,Com Vítimas Feridas,Amanhecer,Ceu Claro,Dupla   ,Urbano,Automóvel,Ferido Grave,22.0,Feminino
240026,09/06/2007,RN,101,NATAL,Falta de atenção,Colisão com objeto fixo,Com Vítimas Feridas,Amanhecer,Ceu Claro,Dupla   ,Urbano,Automóvel,Ferido Leve ,33.0,Feminino
240141,12/06/2007,RN,304,MOSSORO,Ingestão de álcool,Colisão com bicicleta,Com Vítimas Feridas,Anoitecer,Ceu Claro,Simples ,Rural ,Bicicleta,Ferido Grave,38.0,Masculino
240184,08/06/2007,RN,304,MOSSORO,Falta de atenção,Colisão Transversal,Sem Vítimas        ,Plena noite,Ceu Claro,Simples ,Urbano,Caminhão-Trator,Ileso       ,34.0,Masculino
240184,08/06/2007,RN,304,MOSSORO,Falta de atenção,Colisão Transversal,Sem Vítimas        ,Plena noite,Ceu Claro,Simples ,Urbano,Caminhão-Trator,Ileso       ,28.0,Masculino
240192,08/06/2007,RN,101,PARNAMIRIM,Defeito mecânico em veículo,Colisão traseira,Com Vítimas Feridas,Anoitecer,Ceu Claro,Dupla   ,Urbano,Motocicletas,Ferido Grave,42.0,Masculino
240192,08/06/2007,RN,101,PARNAMIRIM,Defeito mecânico em veículo,Colisão traseira,Com Vítimas Feridas,Anoitecer,Ceu Claro,Dupla   ,Urbano,Automóvel,Ileso       ,27.0,Masculino
240192,08/06/2007,RN,101,PARNAMIRIM,Defeito mecânico em veículo,Colisão traseira,Com Vítimas Feridas,Anoitecer,Ceu Claro,Dupla   ,Urbano,Caminhonete,Ileso       ,57.0,Não Informado
240376,13/06/2007,RN,101,PARNAMIRIM,Não guardar distância de segurança,Colisão traseira,Sem Vítimas        ,Pleno dia,Ceu Claro,Dupla   ,Urbano,Automóvel,Ileso       ,25.0,Masculino
240376,13/06/2007,RN,101,PARNAMIRIM,Não guardar distância de segurança,Colisão traseira,Sem Vítimas        ,Pleno dia,Ceu Claro,Dupla   ,Urbano,Automóvel,Ileso       ,28.0,Masculino