id,data_inversa,uf,br,municipio,causa_acidente,tipo_acidente,classificacao_acidente,fase_dia,condicao_metereologica,tipo_pista,uso_solo,tipo_veiculo,estado_fisico,idade,sexo
246974,29/06/2007,RN,304,MACAIBA,Outras,Colisão Transversal,Com Vítimas Feridas,Plena noite,Ceu Claro,Dupla   ,Rural ,Caminhão,Ferido Leve ,35.0,Masculino
246974,29/06/2007,RN,304,MACAIBA,Outras,Colisão Transversal,Com Vítimas Feridas,Plena noite,Ceu Claro,Dupla   ,Rural ,Automóvel,Ileso       ,21.0,Masculino
247026,29/06/2007,RN,304,MACAIBA,Não guardar distância de segurança,Colisão traseira,Sem Vítimas        ,Plena noite,Ceu Claro,Simples ,Rural ,Caminhonete,Ileso       ,26.0,Masculino
247026,29/06/2007,RN,304,MACAIBA,Não guardar distância de segurança,Colisão traseira,Sem Vítimas        ,Plena noite,Ceu Claro,Simples ,Rural ,Não identificado,Ileso       ,-1.0,Não Informado
247031,29/06/2007,RN,406,TAIPU,Animais na Pista,Atropelamento de animal,Com Vítimas Feridas,Plena noite,Ceu Claro,Simples ,Rural ,Automóvel,Ferido Leve ,41.0,Masculino
247031,29/06/2007,RN,406,TAIPU,Animais na Pista,Atropelamento de animal,Com Vítimas Feridas,Plena noite,Ceu Claro,Simples ,Rural ,Automóvel,Ferido Leve ,13.0,Feminino
247186,30/06/2007,RN,101,PARNAMIRIM,Outras,Capotamento,Sem Vítimas        ,Amanhecer,Ceu Claro,Múltipla,Urbano,Automóvel,Ileso       ,48.0,Masculino
247189,24/06/2007,RN,304,LAJES,Desobediência à sinalização,Colisão traseira,Com Vítimas Feridas,Plena noite,Ceu Claro,Simples ,Rural ,Automóvel,Ferido Leve ,77.0,Masculino
247189,24/06/2007,RN,304,LAJES,Desobediência à sinalização,Colisão traseira,Com Vítimas Feridas,Plena noite,Ceu Claro,Simples ,Rural ,Automóvel,Ferido Leve ,42.0,Masculino
247194,16/06/2007,RN,101,NATAL,Falta de atenção,Colisão lateral,Sem Vítimas        ,Pleno dia,Ceu Claro,Dupla   ,Urbano,Caminhonete,Ileso       ,47.0,Masculino
247194,16/06/2007,RN,101,NATAL,Falta de atenção,Colisão lateral,Sem Vítimas        ,Pleno dia,Ceu Claro,Dupla   ,Urbano,Automóvel,Ileso       ,45.0,Masculino
247222,30/06/2007,RN,101,SAO JOSE DE MIPIBU,Não guardar distância de segurança,Colisão com objeto móvel,Sem Vítimas        ,Pleno dia,Ceu Claro,Simples ,Urbano,Automóvel,Ileso       ,68.0,Masculino
247222,30/06/2007,RN,101,SAO JOSE DE MIPIBU,Não guardar distância de segurança,Colisão com objeto móvel,Sem Vítimas        ,Pleno dia,Ceu Claro,Simples ,Urbano,Automóvel,Ileso       ,28.0,Masculino
247222,30/06/2007,RN,101,SAO JOSE DE MIPIBU,Não guardar distância de segurança,Colisão com objeto móvel,Sem Vítimas        ,Pleno dia,Ceu Claro,Simples ,Urbano,Ônibus,Ileso       ,40.0,Masculino
247288,30/06/2007,RN,226,MACAIBA,Outras,Capotamento,Com Vítimas Feridas,Plena noite,Chuva,Simples ,Rural ,Automóvel,Ferido Leve ,28.0,Masculino
247364,30/06/2007,RN,101,NATAL,Falta de atenção,Colisão traseira,Sem Vítimas        ,Plena noite,Ceu Claro,Dupla   ,Urbano,Automóvel,Ileso       ,24.0,Masculino
247364,30/06/2007,RN,101,NATAL,Falta de atenção,Colisão traseira,Sem Vítimas        ,Plena noite,Ceu Claro,Dupla   ,Urbano,Automóvel,Ileso       ,22.0,Masculino
247364,30/06/2007,RN,101,NATAL,Falta de atenção,Colisão traseira,Sem Vítimas        ,Plena noite,Ceu Claro,Dupla   ,Urbano,Automóvel,Ileso       ,-1.0,Não Informado
247378,30/06/2007,RN,101,PARNAMIRIM,Falta de atenção,Colisão traseira,Sem Vítimas        ,Pleno dia,Ceu Claro,Dupla   ,Urbano,Automóvel,Ileso       ,34.0,Feminino
247378,30/06/2007,RN,101,PARNAMIRIM,Falta de atenção,Colisão traseira,Sem Vítimas        ,Pleno dia,Ceu Claro,Dupla   ,Urbano,Automóvel,Ileso       ,51.0,Masculino
247378,30/06/2007,RN,101,PARNAMIRIM,Falta de atenção,Colisão traseira,Sem Vítimas        ,Pleno dia,Ceu Claro,Dupla   ,Urbano,Automóvel,Ileso       ,22.0,Masculino
247404,30/06/2007,RN,101,NATAL,Falta de atenção,Colisão lateral,Com Vítimas Feridas,Plena noite,Ceu Claro,Dupla   ,Urbano,Motocicletas,Ferido Leve ,-1.0,Masculino
247404,30/06/2007,RN,101,NATAL,Falta de atenção,Colisão lateral,Com Vítimas Feridas,Plena noite,Ceu Claro,Dupla   ,Urbano,Automóvel,Ileso       ,32.0,Masculino
247494,28/06/2007,RN,101,GOIANINHA,Não guardar distância de segurança,Colisão traseira,Sem Vítimas        ,Pleno dia,Ceu Claro,Simples ,Rural ,Automóvel,Ileso       ,63.0,Masculino
247494,28/06/2007,RN,101,GOIANINHA,Não guardar distância de segurança,Colisão traseira,Sem Vítimas        ,Pleno dia,Ceu Claro,Simples ,Rural ,Caminhão,Ileso       ,49.0,Masculino
247494,28/06/2007,RN,101,GOIANINHA,Não guardar distância de segurança,Colisão traseira,Sem Vítimas        ,Pleno dia,Ceu Claro,Simples ,Rural ,Caminhão,Ileso       ,26.0,Masculino
247495,01/07/2007,RN,427,JARDIM DO SERIDO,Dormindo,Saída de Pista,Sem Vítimas        ,Plena noite,Ceu Claro,Dupla   ,Rural ,Automóvel,Ileso       ,64.0,Masculino
247517,27/06/2007,RN,101,CANGUARETAMA,Outras,Saída de Pista,Com Vítimas Feridas,Plena noite,Ceu Claro,Simples ,Rural ,Caminhão,Ferido Leve ,34.0,Masculino
247526,01/07/2007,RN,101,PARNAMIRIM,Falta de atenção,Colisão traseira,Com Vítimas Feridas,Pleno dia,Nublado,Dupla   ,Urbano,Automóvel,Ileso       ,23.0,Masculino
247526,01/07/2007,RN,101,PARNAMIRIM,Falta de atenção,Colisão traseira,Com Vítimas Feridas,Pleno dia,Nublado,Dupla   ,Urbano,Motocicletas,Ferido Grave,27.0,Masculino
247837,27/06/2007,RN,101,NATAL,Outras,Atropelamento de pessoa,Com Vítimas Feridas,Plena noite,Nublado,Dupla   ,Urbano,Automóvel,Ileso       ,-1.0,Não Informado
247837,27/06/2007,RN,101,NATAL,Outras,Atropelamento de pessoa,Com Vítimas Feridas,Plena noite,Nublado,Dupla   ,Urbano,(null),Ferido Grave,-1.0,Não Informado
247840,28/06/2007,RN,101,PARNAMIRIM,Outras,Colisão traseira,Sem Vítimas        ,Pleno dia,Ceu Claro,Dupla   ,Urbano,Automóvel,Ileso       ,40.0,Não Informado
247840,28/06/2007,RN,101,PARNAMIRIM,Outras,Colisão traseira,Sem Vítimas        ,Pleno dia,Ceu Claro,Dupla   ,Urbano,Automóvel,Ileso       ,26.0,Não Informado
247855,28/06/2007,RN,101,NATAL,Não guardar distância de segurança,Colisão traseira,Sem Vítimas        ,Pleno dia,Sol,Múltipla,Urbano,Caminhão,Ileso       ,29.0,Masculino
247855,28/06/2007,RN,101,NATAL,Não guardar distância de segurança,Colisão traseira,Sem Vítimas        ,Pleno dia,Sol,Múltipla,Urbano,Ônibus,Ileso       ,35.0,Masculino
247866,08/06/2007,RN,101,PARNAMIRIM,Outras,Colisão Transversal,Sem Vítimas        ,Anoitecer,Nublado,Dupla   ,Urbano,Automóvel,Ileso       ,53.0,Masculino
247866,08/06/2007,RN,101,PARNAMIRIM,Outras,Colisão Transversal,Sem Vítimas        ,Anoitecer,Nublado,Dupla   ,Urbano,Automóvel,Ileso       ,-1.0,Masculino
247878,28/06/2007,RN,101,PARNAMIRIM,Falta de atenção,Colisão Transversal,Sem Vítimas        ,Pleno dia,Nublado,Dupla   ,Urbano,Camioneta,Ileso       ,37.0,Masculino
247878,28/06/2007,RN,101,PARNAMIRIM,Falta de atenção,Colisão Transversal,Sem Vítimas        ,Pleno dia,Nublado,Dupla   ,Urbano,Automóvel,Ileso       ,35.0,Feminino
247881,28/06/2007,RN,101,NATAL,Outras,Atropelamento de pessoa,Com Vítimas Fatais ,Plena noite,Nublado,Dupla   ,Urbano,(null),Morto       ,60.0,Masculino
247882,01/06/2007,RN,110,MOSSORO,Ingestão de álcool,Tombamento,Sem Vítimas        ,Plena noite,Ceu Claro,Simples ,Urbano,Motocicletas,Ileso       ,38.0,Masculino
247885,26/06/2007,RN,427,JARDIM DO SERIDO,Animais na Pista,Atropelamento de animal,Sem Vítimas        ,Plena noite,Ceu Claro,Simples ,Rural ,Automóvel,Ileso       ,60.0,Masculino
247946,02/07/2007,RN,101,SAO GONCALO DO AMARANTE,Ultrapassagem indevida,Colisão lateral,Com Vítimas Feridas,Pleno dia,Nublado,Dupla   ,Urbano,Automóvel,Ileso       ,36.0,Masculino
247946,02/07/2007,RN,101,SAO GONCALO DO AMARANTE,Ultrapassagem indevida,Colisão lateral,Com Vítimas Feridas,Pleno dia,Nublado,Dupla   ,Urbano,Motocicletas,Ferido Leve ,30.0,Masculino
248017,25/06/2007,RN,226,BOM JESUS,Outras,Colisão lateral,Com Vítimas Fatais ,Amanhecer,Ceu Claro,Simples ,Rural ,Motocicletas,Morto       ,26.0,Masculino
248017,25/06/2007,RN,226,BOM JESUS,Outras,Colisão lateral,Com Vítimas Fatais ,Amanhecer,Ceu Claro,Simples ,Rural ,Automóvel,Ileso       ,54.0,Masculino
248037,29/06/2007,RN,101,ARES,Outras,Capotamento,Sem Vítimas        ,Pleno dia,Ceu Claro,Simples ,Rural ,Caminhonete,Ileso       ,38.0,Masculino
248048,30/06/2007,RN,101,NATAL,Outras,Saída de Pista,Sem Vítimas        ,Plena noite,Chuva,Dupla   ,Urbano,Caminhonete,Ileso       ,61.0,Masculino
248048,30/06/2007,RN,101,NATAL,Outras,Saída de Pista,Sem Vítimas        ,Plena noite,Chuva,Dupla   ,Urbano,Automóvel,Ileso       ,-1.0,Não Informado
248117,02/07/2007,RN,101,NATAL,Desobediência à sinalização,Colisão Transversal,Sem Vítimas        ,Plena noite,Ceu Claro,Dupla   ,Urbano,Automóvel,Ileso       ,38.0,Masculino
248117,02/07/2007,RN,101,NATAL,Desobediência à sinalização,Colisão Transversal,Sem Vítimas        ,Plena noite,Ceu Claro,Dupla   ,Urbano,Motocicletas,Ileso       ,36.0,Masculino
248159,28/06/2007,RN,101,SAO JOSE DE MIPIBU,Outras,Saída de Pista,Sem Vítimas        ,Pleno dia,Chuva,Simples ,Rural ,Caminhão-Trator,Ileso       ,41.0,Masculino
248176,02/07/2007,RN,226,NATAL,Desobediência à sinalização,Colisão Transversal,Com Vítimas Feridas,Plena noite,Ceu Claro,Simples ,Urbano,Motocicletas,Ferido Leve ,29.0,Masculino
248176,02/07/2007,RN,226,NATAL,Desobediência à sinalização,Colisão Transversal,Com Vítimas Feridas,Plena noite,Ceu Claro,Simples ,Urbano,Bicicleta,Ferido Leve ,-1.0,Masculino
248189,02/07/2007,RN,304,ITAJA,Defeito mecânico em veículo,Capotamento,Com Vítimas Feridas,Pleno dia,Ceu Claro,Simples ,Rural ,Automóvel,Ileso       ,23.0,Masculino
248189,02/07/2007,RN,304,ITAJA,Defeito mecânico em veículo,Capotamento,Com Vítimas Feridas,Pleno dia,Ceu Claro,Simples ,Rural ,Automóvel,Ferido Leve ,22.0,Masculino
248189,02/07/2007,RN,304,ITAJA,Defeito mecânico em veículo,Capotamento,Com Vítimas Feridas,Pleno dia,Ceu Claro,Simples ,Rural ,Automóvel,Ferido Leve ,22.0,Feminino
248239,02/07/2007,RN,101,NATAL,Falta de atenção,Colisão Transversal,Com Vítimas Feridas,Plena noite,Ignorada,Dupla   ,Urbano,Camioneta,Ileso       ,55.0,Masculino
248239,02/07/2007,RN,101,NATAL,Falta de atenção,Colisão Transversal,Com Vítimas Feridas,Plena noite,Ignorada,Dupla   ,Urbano,Bicicleta,Ferido Grave,13.0,Masculino
248371,03/07/2007,RN,101,PARNAMIRIM,Defeito mecânico em veículo,Colisão traseira,Sem Vítimas        ,Pleno dia,Ceu Claro,Dupla   ,Urbano,Automóvel,Ileso       ,23.0,Masculino
248371,03/07/2007,RN,101,PARNAMIRIM,Defeito mecânico em veículo,Colisão traseira,Sem Vítimas        ,Pleno dia,Ceu Claro,Dupla   ,Urbano,Caminhão,Ileso       ,31.0,Masculino
248391,03/07/2007,RN,101,SAO GONCALO DO AMARANTE,Falta de atenção,Colisão lateral,Sem Vítimas        ,Pleno dia,Ceu Claro,Dupla   ,Urbano,Automóvel,Ileso       ,45.0,Masculino
248391,03/07/2007,RN,101,SAO GONCALO DO AMARANTE,Falta de atenção,Colisão lateral,Sem Vítimas        ,Pleno dia,Ceu Claro,Dupla   ,Urbano,Ônibus,Ileso       ,41.0,Masculino
248395,03/07/2007,RN,101,NATAL,Falta de atenção,Colisão traseira,Sem Vítimas        ,Pleno dia,Ceu Claro,Dupla   ,Urbano,Automóvel,Ileso       ,28.0,Masculino
248395,03/07/2007,RN,101,NATAL,Falta de atenção,Colisão traseira,Sem Vítimas        ,Pleno dia,Ceu Claro,Dupla   ,Urbano,Microônibus,Ileso       ,27.0,Masculino
248414,03/07/2007,RN,101,NATAL,Não guardar distância de segurança,Colisão lateral,Com Vítimas Feridas,Pleno dia,Ceu Claro,Múltipla,Urbano,Motocicletas,Ferido Leve ,51.0,Masculino
248414,03/07/2007,RN,101,NATAL,Não guardar distância de segurança,Colisão lateral,Com Vítimas Feridas,Pleno dia,Ceu Claro,Múltipla,Urbano,Automóvel,Ileso       ,43.0,Feminino
248414,03/07/2007,RN,101,NATAL,Não guardar distância de segurança,Colisão lateral,Com Vítimas Feridas,Pleno dia,Ceu Claro,Múltipla,Urbano,Motocicletas,Ferido Leve ,50.0,Feminino
248488,29/06/2007,RN,101,NATAL,Falta de atenção,Colisão traseira,Sem Vítimas        ,Plena noite,Ceu Claro,Dupla   ,Urbano,Automóvel,Ileso       ,30.0,Masculino
248488,29/06/2007,RN,101,NATAL,Falta de atenção,Colisão traseira,Sem Vítimas        ,Plena noite,Ceu Claro,Dupla   ,Urbano,Automóvel,Ileso       ,36.0,Masculino
248522,03/07/2007,RN,304,MOSSORO,Não guardar distância de segurança,Colisão traseira,Sem Vítimas        ,Pleno dia,Sol,Simples ,Urbano,Camioneta,Ileso       ,-1.0,Masculino
248522,03/07/2007,RN,304,MOSSORO,Não guardar distância de segurança,Colisão traseira,Sem Vítimas        ,Pleno dia,Sol,Simples ,Urbano,Caminhão-Trator,Ileso       ,54.0,Masculino
248522,03/07/2007,RN,304,MOSSORO,Não guardar distância de segurança,Colisão traseira,Sem Vítimas        ,Pleno dia,Sol,Simples ,Urbano,Automóvel,Ignorado    ,-1.0,Não Informado
248634,29/06/2007,RN,101,NATAL,Outras,Colisão traseira,Sem Vítimas        ,Pleno dia,Sol,Dupla   ,Urbano,Automóvel,Ileso       ,37.0,Feminino
248634,29/06/2007,RN,101,NATAL,Outras,Colisão traseira,Sem Vítimas        ,Pleno dia,Sol,Dupla   ,Urbano,Automóvel,Ileso       ,24.0,Masculino
248748,29/06/2007,RN,101,NATAL,Falta de atenção,Colisão traseira,Sem Vítimas        ,Anoitecer,Ignorada,Dupla   ,Urbano,Automóvel,Ileso       ,37.0,Masculino
248748,29/06/2007,RN,101,NATAL,Falta de atenção,Colisão traseira,Sem Vítimas        ,Anoitecer,Ignorada,Dupla   ,Urbano,Automóvel,Ileso       ,28.0,Feminino
248773,30/06/2007,RN,101,PARNAMIRIM,Falta de atenção,Colisão traseira,Sem Vítimas        ,Pleno dia,Chuva,Dupla   ,Urbano,Caminhonete,Ileso       ,32.0,Feminino
248773,30/06/2007,RN,101,PARNAMIRIM,Falta de atenção,Colisão traseira,Sem Vítimas        ,Pleno dia,Chuva,Dupla   ,Urbano,Automóvel,Ileso       ,24.0,Masculino
248773,30/06/2007,RN,101,PARNAMIRIM,Falta de atenção,Colisão traseira,Sem Vítimas        ,Pleno dia,Chuva,Dupla   ,Urbano,Automóvel,Ileso       ,33.0,Masculino
248798,28/06/2007,RN,101,NATAL,Outras,Colisão traseira,Sem Vítimas        ,Plena noite,Ceu Claro,Dupla   ,Urbano,Automóvel,Ileso       ,40.0,Masculino
248798,28/06/2007,RN,101,NATAL,Outras,Colisão traseira,Sem Vítimas        ,Plena noite,Ceu Claro,Dupla   ,Urbano,Automóvel,Ileso       ,52.0,Masculino
248836,04/07/2007,RN,110,MOSSORO,Falta de atenção,Colisão traseira,Sem Vítimas        ,Pleno dia,Sol,Simples ,Rural ,Automóvel,Ileso       ,24.0,Masculino
248836,04/07/2007,RN,110,MOSSORO,Falta de atenção,Colisão traseira,Sem Vítimas        ,Pleno dia,Sol,Simples ,Rural ,Automóvel,Ileso       ,43.0,Masculino
248900,01/07/2007,RN,101,PARNAMIRIM,Outras,Colisão frontal,Com Vítimas Feridas,Plena noite,Ceu Claro,Simples ,Rural ,Automóvel,Ferido Grave,53.0,Masculino
248900,01/07/2007,RN,101,PARNAMIRIM,Outras,Colisão frontal,Com Vítimas Feridas,Plena noite,Ceu Claro,Simples ,Rural ,Camioneta,Ferido Grave,35.0,Masculino
248900,01/07/2007,RN,101,PARNAMIRIM,Outras,Colisão frontal,Com Vítimas Feridas,Plena noite,Ceu Claro,Simples ,Rural ,Camioneta,Ferido Grave,33.0,Feminino
249134,02/07/2007,RN,101,PARNAMIRIM,Velocidade incompatível,Capotamento,Sem Vítimas        ,Plena noite,Nublado,Simples ,Rural ,Automóvel,Ileso       ,18.0,Masculino
249139,02/07/2007,RN,101,NATAL,Falta de atenção,Colisão Transversal,Sem Vítimas        ,Plena noite,Ceu Claro,Dupla   ,Urbano,Automóvel,Ileso       ,21.0,Masculino
249139,02/07/2007,RN,101,NATAL,Falta de atenção,Colisão Transversal,Sem Vítimas        ,Plena noite,Ceu Claro,Dupla   ,Urbano,Automóvel,Ileso       ,34.0,Masculino
249139,02/07/2007,RN,101,NATAL,Falta de atenção,Colisão Transversal,Sem Vítimas        ,Plena noite,Ceu Claro,Dupla   ,Urbano,Automóvel,Ileso       ,24.0,Masculino
249153,02/07/2007,RN,406,CEARA-MIRIM,Falta de atenção,Colisão Transversal,Sem Vítimas        ,Pleno dia,Ceu Claro,Simples ,Rural ,Automóvel,Ileso       ,34.0,Masculino
249153,02/07/2007,RN,406,CEARA-MIRIM,Falta de atenção,Colisão Transversal,Sem Vítimas        ,Pleno dia,Ceu Claro,Simples ,Rural ,Automóvel,Ileso       ,24.0,Masculino
249174,03/07/2007,RN,101,PARNAMIRIM,Ultrapassagem indevida,Saída de Pista,Com Vítimas Feridas,Plena noite,Ceu Claro,Simples ,Rural ,Motocicletas,Ferido Leve ,40.0,Masculino
249175,05/07/2007,RN,101,NATAL,Falta de atenção,Colisão traseira,Sem Vítimas        ,Pleno dia,Sol,Dupla   ,Urbano,Automóvel,Ileso       ,31.0,Masculino
249175,05/07/2007,RN,101,NATAL,Falta de atenção,Colisão traseira,Sem Vítimas        ,Pleno dia,Sol,Dupla   ,Urbano,Automóvel,Ileso       ,-1.0,Não Informado
249212,05/07/2007,RN,101,NATAL,Outras,Queda de motocicleta / bicicleta / veículo,Com Vítimas Feridas,Pleno dia,Nublado,Dupla   ,Urbano,Motocicletas,Ferido Grave,34.0,Masculino
249230,04/07/2007,RN,304,ANGICOS,Outras,Colisão Transversal,Com Vítimas Feridas,Pleno dia,Sol,Simples ,Rural ,Caminhão,Ileso       ,31.0,Masculino
249230,04/07/2007,RN,304,ANGICOS,Outras,Colisão Transversal,Com Vítimas Feridas,Pleno dia,Sol,Simples ,Rural ,Automóvel,Ferido Grave,21.0,Masculino
249246,03/07/2007,RN,101,PARNAMIRIM,Desobediência à sinalização,Colisão Transversal,Sem Vítimas        ,Pleno dia,Sol,Simples ,Urbano,Automóvel,Ileso       ,34.0,Masculino
249246,03/07/2007,RN,101,PARNAMIRIM,Desobediência à sinalização,Colisão Transversal,Sem Vítimas        ,Pleno dia,Sol,Simples ,Urbano,Caminhonete,Ileso       ,29.0,Masculino
249472,06/07/2007,RN,304,ANGICOS,Falta de atenção,Colisão traseira,Sem Vítimas        ,Amanhecer,Ceu Claro,Simples ,Rural ,Caminhão,Ileso       ,50.0,Masculino
249472,06/07/2007,RN,304,ANGICOS,Falta de atenção,Colisão traseira,Sem Vítimas        ,Amanhecer,Ceu Claro,Simples ,Rural ,Não identificado,Ignorado    ,-1.0,Não Informado
249518,28/06/2007,RN,101,PARNAMIRIM,Ingestão de álcool,Colisão Transversal,Com Vítimas Feridas,Plena noite,Chuva,Dupla   ,Urbano,Bicicleta,Ferido Leve ,42.0,Masculino
249518,28/06/2007,RN,101,PARNAMIRIM,Ingestão de álcool,Colisão Transversal,Com Vítimas Feridas,Plena noite,Chuva,Dupla   ,Urbano,Não identificado,Ignorado    ,-1.0,Não Informado
249656,16/06/2007,RN,101,NATAL,Falta de atenção,Colisão Transversal,Sem Vítimas        ,Pleno dia,Ceu Claro,Dupla   ,Urbano,Automóvel,Ileso       ,47.0,Masculino
249656,16/06/2007,RN,101,NATAL,Falta de atenção,Colisão Transversal,Sem Vítimas        ,Pleno dia,Ceu Claro,Dupla   ,Urbano,Automóvel,Ileso       ,20.0,Masculino
249762,06/07/2007,RN,101,NATAL,Ultrapassagem indevida,Colisão traseira,Com Vítimas Feridas,Pleno dia,Sol,Dupla   ,Urbano,Caminhonete,Ileso       ,19.0,Masculino
249762,06/07/2007,RN,101,NATAL,Ultrapassagem indevida,Colisão traseira,Com Vítimas Feridas,Pleno dia,Sol,Dupla   ,Urbano,Automóvel,Ferido Leve ,22.0,Masculino
249872,02/07/2007,RN,304,LAJES,Animais na Pista,Atropelamento de animal,Sem Vítimas        ,Amanhecer,Ceu Claro,Simples ,Rural ,Camioneta,Ileso       ,47.0,Masculino
249893,01/07/2007,RN,226,SANTA CRUZ,Outras,Colisão frontal,Com Vítimas Feridas,Anoitecer,Ceu Claro,Simples ,Rural ,Automóvel,Ferido Grave,31.0,Masculino
249893,01/07/2007,RN,226,SANTA CRUZ,Outras,Colisão frontal,Com Vítimas Feridas,Anoitecer,Ceu Claro,Simples ,Rural ,Automóvel,Ferido Grave,28.0,Feminino
249893,01/07/2007,RN,226,SANTA CRUZ,Outras,Colisão frontal,Com Vítimas Feridas,Anoitecer,Ceu Claro,Simples ,Rural ,Automóvel,Ferido Grave,46.0,Masculino
249893,01/07/2007,RN,226,SANTA CRUZ,Outras,Colisão frontal,Com Vítimas Feridas,Anoitecer,Ceu Claro,Simples ,Rural ,Automóvel,Ferido Grave,41.0,Feminino
249909,07/07/2007,RN,101,PARNAMIRIM,Falta de atenção,Colisão Transversal,Sem Vítimas        ,Pleno dia,Nublado,Dupla   ,Urbano,Automóvel,Ileso       ,61.0,Masculino
249909,07/07/2007,RN,101,PARNAMIRIM,Falta de atenção,Colisão Transversal,Sem Vítimas        ,Pleno dia,Nublado,Dupla   ,Urbano,Ônibus,Ileso       ,37.0,Masculino
249921,07/07/2007,RN,101,NATAL,Falta de atenção,Colisão traseira,Sem Vítimas        ,Pleno dia,Ceu Claro,Múltipla,Urbano,Automóvel,Ileso       ,36.0,Masculino
249921,07/07/2007,RN,101,NATAL,Falta de atenção,Colisão traseira,Sem Vítimas        ,Pleno dia,Ceu Claro,Múltipla,Urbano,Caminhonete,Ileso       ,37.0,Masculino
249942,04/07/2007,RN,101,NATAL,Não guardar distância de segurança,Colisão traseira,Sem Vítimas        ,Pleno dia,Ceu Claro,Dupla   ,Urbano,Caminhonete,Ileso       ,23.0,Masculino
249942,04/07/2007,RN,101,NATAL,Não guardar distância de segurança,Colisão traseira,Sem Vítimas        ,Pleno dia,Ceu Claro,Dupla   ,Urbano,Automóvel,Ileso       ,42.0,Masculino
249954,04/07/2007,RN,101,PARNAMIRIM,Outras,Colisão Transversal,Com Vítimas Feridas,Plena noite,Ceu Claro,Dupla   ,Urbano,Automóvel,Ileso       ,41.0,Feminino
249954,04/07/2007,RN,101,PARNAMIRIM,Outras,Colisão Transversal,Com Vítimas Feridas,Plena noite,Ceu Claro,Dupla   ,Urbano,Motocicletas,Ferido Leve ,44.0,Não Informado
249954,04/07/2007,RN,101,PARNAMIRIM,Outras,Colisão Transversal,Com Vítimas Feridas,Plena noite,Ceu Claro,Dupla   ,Urbano,Motocicletas,Ferido Grave,44.0,Feminino
249972,01/07/2007,RN,226,CAMPO REDONDO,Animais na Pista,Atropelamento de animal,Com Vítimas Feridas,Plena noite,Ceu Claro,Simples ,Rural ,Motocicletas,Ferido Grave,37.0,Masculino
250007,07/07/2007,RN,304,MOSSORO,Desobediência à sinalização,Colisão Transversal,Sem Vítimas        ,Pleno dia,Ceu Claro,Simples ,Urbano,Automóvel,Ileso       ,28.0,Masculino
250007,07/07/2007,RN,304,MOSSORO,Desobediência à sinalização,Colisão Transversal,Sem Vítimas        ,Pleno dia,Ceu Claro,Simples ,Urbano,Caminhão,Ileso       ,32.0,Masculino
250023,07/07/2007,RN,101,EXTREMOZ,Não guardar distância de segurança,Colisão traseira,Sem Vítimas        ,Pleno dia,Ceu Claro,Simples ,Rural ,Automóvel,Ileso       ,-1.0,Masculino
250023,07/07/2007,RN,101,EXTREMOZ,Não guardar distância de segurança,Colisão traseira,Sem Vítimas        ,Pleno dia,Ceu Claro,Simples ,Rural ,Automóvel,Ileso       ,50.0,Masculino
250049,07/07/2007,RN,101,CANGUARETAMA,Falta de atenção,Colisão traseira,Sem Vítimas        ,Pleno dia,Chuva,Simples ,Urbano,Automóvel,Ileso       ,44.0,Masculino
250049,07/07/2007,RN,101,CANGUARETAMA,Falta de atenção,Colisão traseira,Sem Vítimas        ,Pleno dia,Chuva,Simples ,Urbano,Automóvel,Ileso       ,23.0,Masculino
250351,05/07/2007,RN,101,PARNAMIRIM,Outras,Colisão frontal,Com Vítimas Fatais ,Plena noite,Chuva,Múltipla,Urbano,Automóvel,Ferido Grave,17.0,Masculino
250351,05/07/2007,RN,101,PARNAMIRIM,Outras,Colisão frontal,Com Vítimas Fatais ,Plena noite,Chuva,Múltipla,Urbano,Automóvel,Morto       ,24.0,Masculino
250351,05/07/2007,RN,101,PARNAMIRIM,Outras,Colisão frontal,Com Vítimas Fatais ,Plena noite,Chuva,Múltipla,Urbano,Automóvel,Morto       ,19.0,Não Informado
250351,05/07/2007,RN,101,PARNAMIRIM,Outras,Colisão frontal,Com Vítimas Fatais ,Plena noite,Chuva,Múltipla,Urbano,Caminhão,Ferido Grave,48.0,Masculino
250369,08/07/2007,RN,101,SAO GONCALO DO AMARANTE,Falta de atenção,Colisão traseira,Sem Vítimas        ,Pleno dia,Ceu Claro,Dupla   ,Urbano,Camioneta,Ileso       ,62.0,Masculino
250369,08/07/2007,RN,101,SAO GONCALO DO AMARANTE,Falta de atenção,Colisão traseira,Sem Vítimas        ,Pleno dia,Ceu Claro,Dupla   ,Urbano,Camioneta,Ileso       ,45.0,Masculino
250460,08/07/2007,RN,304,MOSSORO,Ultrapassagem indevida,Colisão Transversal,Com Vítimas Feridas,Anoitecer,Ceu Claro,Simples ,Rural ,Automóvel,Ileso       ,38.0,Masculino