id,data_inversa,uf,br,municipio,causa_acidente,tipo_acidente,classificacao_acidente,fase_dia,condicao_metereologica,tipo_pista,uso_solo,tipo_veiculo,estado_fisico,idade,sexo
268982,18/08/2007,RN,101,NATAL,Outras,Colisão Transversal,Sem Vítimas        ,Pleno dia,Sol,Dupla   ,Urbano,Camioneta,Ileso       ,25.0,Masculino
268987,18/08/2007,RN,406,TAIPU,Falta de atenção,Colisão frontal,Com Vítimas Feridas,Plena noite,Ceu Claro,Simples ,Rural ,Automóvel,Ferido Leve ,24.0,Masculino
268987,18/08/2007,RN,406,TAIPU,Falta de atenção,Colisão frontal,Com Vítimas Feridas,Plena noite,Ceu Claro,Simples ,Rural ,Automóvel,Ferido Grave,24.0,Masculino
269071,18/08/2007,RN,226,MACAIBA,Outras,Colisão traseira,Com Vítimas Feridas,Plena noite,Nublado,Simples ,Urbano,Carroça,Ignorado    ,-1.0,Não Informado
269071,18/08/2007,RN,226,MACAIBA,Outras,Colisão traseira,Com Vítimas Feridas,Plena noite,Nublado,Simples ,Urbano,Motocicletas,Ferido Leve ,26.0,Masculino
269071,18/08/2007,RN,226,MACAIBA,Outras,Colisão traseira,Com Vítimas Feridas,Plena noite,Nublado,Simples ,Urbano,Motocicletas,Ferido Leve ,29.0,Masculino
269071,18/08/2007,RN,226,MACAIBA,Outras,Colisão traseira,Com Vítimas Feridas,Plena noite,Nublado,Simples ,Urbano,Motocicletas,Ferido Leve ,30.0,Masculino
269096,18/08/2007,RN,101,NATAL,Falta de atenção,Colisão traseira,Sem Vítimas        ,Pleno dia,Sol,Múltipla,Urbano,Automóvel,Ileso       ,-1.0,Feminino
269096,18/08/2007,RN,101,NATAL,Falta de atenção,Colisão traseira,Sem Vítimas        ,Pleno dia,Sol,Múltipla,Urbano,Automóvel,Ileso       ,39.0,Masculino
269135,18/08/2007,RN,304,PARNAMIRIM,Não guardar distância de segurança,Colisão com objeto fixo,Sem Vítimas        ,Anoitecer,Sol,Múltipla,Urbano,Automóvel,Ileso       ,35.0,Masculino
269135,18/08/2007,RN,304,PARNAMIRIM,Não guardar distância de segurança,Colisão com objeto fixo,Sem Vítimas        ,Anoitecer,Sol,Múltipla,Urbano,Automóvel,Ileso       ,28.0,Masculino
269144,22/08/2007,RN,304,ITAJA,Falta de atenção,Colisão traseira,Sem Vítimas        ,Pleno dia,Ceu Claro,Simples ,Rural ,Camioneta,Ileso       ,54.0,Masculino
269144,22/08/2007,RN,304,ITAJA,Falta de atenção,Colisão traseira,Sem Vítimas        ,Pleno dia,Ceu Claro,Simples ,Rural ,Automóvel,Ileso       ,33.0,Masculino
269194,14/08/2007,RN,101,SAO JOSE DE MIPIBU,Outras,Colisão Transversal,Com Vítimas Feridas,Anoitecer,Ceu Claro,Simples ,Urbano,Automóvel,Ileso       ,23.0,Masculino
269194,14/08/2007,RN,101,SAO JOSE DE MIPIBU,Outras,Colisão Transversal,Com Vítimas Feridas,Anoitecer,Ceu Claro,Simples ,Urbano,Automóvel,Ileso       ,51.0,Masculino
269194,14/08/2007,RN,101,SAO JOSE DE MIPIBU,Outras,Colisão Transversal,Com Vítimas Feridas,Anoitecer,Ceu Claro,Simples ,Urbano,Automóvel,Ferido Leve ,26.0,Masculino
269198,18/08/2007,RN,101,PARNAMIRIM,Falta de atenção,Colisão traseira,Sem Vítimas        ,Pleno dia,Sol,Dupla   ,Urbano,Automóvel,Ileso       ,20.0,Feminino
269198,18/08/2007,RN,101,PARNAMIRIM,Falta de atenção,Colisão traseira,Sem Vítimas        ,Pleno dia,Sol,Dupla   ,Urbano,Automóvel,Ileso       ,23.0,Masculino
269198,18/08/2007,RN,101,PARNAMIRIM,Falta de atenção,Colisão traseira,Sem Vítimas        ,Pleno dia,Sol,Dupla   ,Urbano,Camioneta,Ileso       ,34.0,Masculino
269221,18/08/2007,RN,101,NATAL,Ingestão de álcool,Colisão lateral,Sem Vítimas        ,Plena noite,Chuva,Dupla   ,Urbano,Automóvel,Ileso       ,45.0,Masculino
269221,18/08/2007,RN,101,NATAL,Ingestão de álcool,Colisão lateral,Sem Vítimas        ,Plena noite,Chuva,Dupla   ,Urbano,Automóvel,Ileso       ,25.0,Masculino
269228,19/08/2007,RN,304,MOSSORO,Velocidade incompatível,Colisão com bicicleta,Com Vítimas Feridas,Anoitecer,Ceu Claro,Simples ,Rural ,Automóvel,Ignorado    ,-1.0,Não Informado
269228,19/08/2007,RN,304,MOSSORO,Velocidade incompatível,Colisão com bicicleta,Com Vítimas Feridas,Anoitecer,Ceu Claro,Simples ,Rural ,Bicicleta,Ferido Grave,38.0,Masculino
269240,22/08/2007,RN,226,CURRAIS NOVOS,Dormindo,Colisão lateral,Sem Vítimas        ,Plena noite,Ceu Claro,Simples ,Rural ,Caminhão,Ileso       ,34.0,Masculino
269240,22/08/2007,RN,226,CURRAIS NOVOS,Dormindo,Colisão lateral,Sem Vítimas        ,Plena noite,Ceu Claro,Simples ,Rural ,Caminhão,Ileso       ,-1.0,Não Informado
269261,22/08/2007,RN,101,NATAL,Outras,Colisão lateral,Sem Vítimas        ,Pleno dia,Ceu Claro,Dupla   ,Urbano,Automóvel,Ileso       ,28.0,Masculino
269261,22/08/2007,RN,101,NATAL,Outras,Colisão lateral,Sem Vítimas        ,Pleno dia,Ceu Claro,Dupla   ,Urbano,Caminhão-Trator,Ileso       ,51.0,Masculino
269309,19/08/2007,RN,304,MOSSORO,Outras,Colisão traseira,Com Vítimas Feridas,Plena noite,Ceu Claro,Simples ,Urbano,Automóvel,Ileso       ,48.0,Masculino
269309,19/08/2007,RN,304,MOSSORO,Outras,Colisão traseira,Com Vítimas Feridas,Plena noite,Ceu Claro,Simples ,Urbano,Automóvel,Ferido Leve ,26.0,Masculino
269317,15/08/2007,RN,101,NATAL,Não guardar distância de segurança,Colisão traseira,Sem Vítimas        ,Plena noite,Chuva,Dupla   ,Urbano,Automóvel,Ileso       ,22.0,Masculino
269317,15/08/2007,RN,101,NATAL,Não guardar distância de segurança,Colisão traseira,Sem Vítimas        ,Plena noite,Chuva,Dupla   ,Urbano,Automóvel,Ileso       ,32.0,Masculino
269317,15/08/2007,RN,101,NATAL,Não guardar distância de segurança,Colisão traseira,Sem Vítimas        ,Plena noite,Chuva,Dupla   ,Urbano,Automóvel,Ileso       ,26.0,Masculino
269397,19/08/2007,RN,304,MACAIBA,Falta de atenção,Capotamento,Com Vítimas Feridas,Pleno dia,Ceu Claro,Dupla   ,Rural ,Automóvel,Ferido Grave,47.0,Masculino
269397,19/08/2007,RN,304,MACAIBA,Falta de atenção,Capotamento,Com Vítimas Feridas,Pleno dia,Ceu Claro,Dupla   ,Rural ,Automóvel,Ferido Leve ,24.0,Masculino
269397,19/08/2007,RN,304,MACAIBA,Falta de atenção,Capotamento,Com Vítimas Feridas,Pleno dia,Ceu Claro,Dupla   ,Rural ,Automóvel,Ferido Leve ,7.0,Não Informado
269397,19/08/2007,RN,304,MACAIBA,Falta de atenção,Capotamento,Com Vítimas Feridas,Pleno dia,Ceu Claro,Dupla   ,Rural ,Automóvel,Ferido Leve ,-1.0,Não Informado
269397,19/08/2007,RN,304,MACAIBA,Falta de atenção,Capotamento,Com Vítimas Feridas,Pleno dia,Ceu Claro,Dupla   ,Rural ,Automóvel,Ferido Leve ,-1.0,Masculino
269397,19/08/2007,RN,304,MACAIBA,Falta de atenção,Capotamento,Com Vítimas Feridas,Pleno dia,Ceu Claro,Dupla   ,Rural ,Automóvel,Ferido Leve ,-1.0,Não Informado
269466,21/08/2007,RN,406,GUAMARE,Animais na Pista,Atropelamento de animal,Sem Vítimas        ,Plena noite,Ceu Claro,Simples ,Rural ,Caminhão-Trator,Ileso       ,61.0,Masculino
269471,23/08/2007,RN,101,CANGUARETAMA,Outras,Colisão traseira,Sem Vítimas        ,Pleno dia,Ceu Claro,Simples ,Rural ,Automóvel,Ileso       ,64.0,Masculino
269471,23/08/2007,RN,101,CANGUARETAMA,Outras,Colisão traseira,Sem Vítimas        ,Pleno dia,Ceu Claro,Simples ,Rural ,Automóvel,Ileso       ,38.0,Masculino
269471,23/08/2007,RN,101,CANGUARETAMA,Outras,Colisão traseira,Sem Vítimas        ,Pleno dia,Ceu Claro,Simples ,Rural ,Automóvel,Ileso       ,21.0,Masculino
269473,17/08/2007,RN,101,PARNAMIRIM,Falta de atenção,Colisão traseira,Sem Vítimas        ,Plena noite,Chuva,Dupla   ,Urbano,Automóvel,Ileso       ,25.0,Masculino
269473,17/08/2007,RN,101,PARNAMIRIM,Falta de atenção,Colisão traseira,Sem Vítimas        ,Plena noite,Chuva,Dupla   ,Urbano,Automóvel,Ileso       ,40.0,Masculino
269504,22/08/2007,RN,304,CAICARA DO RIO DO VENTO,Outras,Atropelamento de pessoa,Com Vítimas Fatais ,Amanhecer,Ceu Claro,Simples ,Urbano,(null),Morto       ,48.0,Feminino
269504,22/08/2007,RN,304,CAICARA DO RIO DO VENTO,Outras,Atropelamento de pessoa,Com Vítimas Fatais ,Amanhecer,Ceu Claro,Simples ,Urbano,Camioneta,Ileso       ,51.0,Masculino
269520,26/07/2007,RN,101,GOIANINHA,Defeito mecânico em veículo,Colisão traseira,Com Vítimas Feridas,Plena noite,Nublado,Simples ,Urbano,Semi-Reboque,Ileso       ,29.0,Masculino
269520,26/07/2007,RN,101,GOIANINHA,Defeito mecânico em veículo,Colisão traseira,Com Vítimas Feridas,Plena noite,Nublado,Simples ,Urbano,Caminhão,Ferido Leve ,48.0,Masculino
269522,23/08/2007,RN,101,SAO JOSE DE MIPIBU,Falta de atenção,Colisão lateral,Sem Vítimas        ,Pleno dia,Ceu Claro,Simples ,Rural ,Automóvel,Ileso       ,20.0,Masculino
269522,23/08/2007,RN,101,SAO JOSE DE MIPIBU,Falta de atenção,Colisão lateral,Sem Vítimas        ,Pleno dia,Ceu Claro,Simples ,Rural ,Automóvel,Ignorado    ,-1.0,Não Informado
269537,23/08/2007,RN,101,NATAL,Não guardar distância de segurança,Colisão traseira,Sem Vítimas        ,Pleno dia,Ceu Claro,Dupla   ,Rural ,Camioneta,Ileso       ,22.0,Masculino
269537,23/08/2007,RN,101,NATAL,Não guardar distância de segurança,Colisão traseira,Sem Vítimas        ,Pleno dia,Ceu Claro,Dupla   ,Rural ,Camioneta,Ileso       ,34.0,Masculino
269546,23/08/2007,RN,101,PARNAMIRIM,Falta de atenção,Colisão traseira,Sem Vítimas        ,Plena noite,Ceu Claro,Dupla   ,Urbano,Automóvel,Ileso       ,38.0,Masculino
269546,23/08/2007,RN,101,PARNAMIRIM,Falta de atenção,Colisão traseira,Sem Vítimas        ,Plena noite,Ceu Claro,Dupla   ,Urbano,Automóvel,Ileso       ,30.0,Masculino
269625,24/08/2007,RN,110,MOSSORO,Falta de atenção,Colisão lateral,Com Vítimas Feridas,Plena noite,Ceu Claro,Simples ,Urbano,Ônibus,Ileso       ,34.0,Masculino
269625,24/08/2007,RN,110,MOSSORO,Falta de atenção,Colisão lateral,Com Vítimas Feridas,Plena noite,Ceu Claro,Simples ,Urbano,Ciclomotor,Ferido Leve ,28.0,Masculino
269629,23/08/2007,RN,110,MOSSORO,Falta de atenção,Colisão Transversal,Com Vítimas Feridas,Pleno dia,Ceu Claro,Dupla   ,Urbano,Motoneta,Ferido Leve ,43.0,Feminino
269629,23/08/2007,RN,110,MOSSORO,Falta de atenção,Colisão Transversal,Com Vítimas Feridas,Pleno dia,Ceu Claro,Dupla   ,Urbano,Automóvel,Ileso       ,24.0,Masculino
269656,23/08/2007,RN,226,MACAIBA,Velocidade incompatível,Capotamento,Com Vítimas Feridas,Plena noite,Ceu Claro,Simples ,Rural ,Automóvel,Ileso       ,30.0,Masculino
269656,23/08/2007,RN,226,MACAIBA,Velocidade incompatível,Capotamento,Com Vítimas Feridas,Plena noite,Ceu Claro,Simples ,Rural ,Automóvel,Ferido Grave,25.0,Masculino
269668,20/08/2007,RN,304,MACAIBA,Falta de atenção,Colisão lateral,Sem Vítimas        ,Pleno dia,Ceu Claro,Simples ,Rural ,Camioneta,Ileso       ,57.0,Masculino
269668,20/08/2007,RN,304,MACAIBA,Falta de atenção,Colisão lateral,Sem Vítimas        ,Pleno dia,Ceu Claro,Simples ,Rural ,Caminhão,Ileso       ,35.0,Masculino
269679,20/08/2007,RN,101,NATAL,Falta de atenção,Colisão lateral,Com Vítimas Feridas,Pleno dia,Ceu Claro,Dupla   ,Urbano,Automóvel,Ileso       ,68.0,Não Informado
269679,20/08/2007,RN,101,NATAL,Falta de atenção,Colisão lateral,Com Vítimas Feridas,Pleno dia,Ceu Claro,Dupla   ,Urbano,Motocicletas,Ileso       ,20.0,Masculino
269679,20/08/2007,RN,101,NATAL,Falta de atenção,Colisão lateral,Com Vítimas Feridas,Pleno dia,Ceu Claro,Dupla   ,Urbano,Motocicletas,Ferido Grave,-1.0,Feminino
269687,19/08/2007,RN,101,NATAL,Outras,Colisão Transversal,Sem Vítimas        ,Plena noite,Nevoeiro/neblina,Múltipla,Urbano,Automóvel,Ileso       ,24.0,Masculino
269687,19/08/2007,RN,101,NATAL,Outras,Colisão Transversal,Sem Vítimas        ,Plena noite,Nevoeiro/neblina,Múltipla,Urbano,Automóvel,Ileso       ,36.0,Masculino
269746,16/08/2007,RN,101,PARNAMIRIM,Falta de atenção,Colisão traseira,Sem Vítimas        ,Amanhecer,Chuva,Dupla   ,Urbano,Automóvel,Ileso       ,28.0,Masculino
269746,16/08/2007,RN,101,PARNAMIRIM,Falta de atenção,Colisão traseira,Sem Vítimas        ,Amanhecer,Chuva,Dupla   ,Urbano,Automóvel,Ileso       ,45.0,Masculino
269762,24/08/2007,RN,101,NATAL,Não guardar distância de segurança,Colisão traseira,Sem Vítimas        ,Pleno dia,Ceu Claro,Múltipla,Urbano,Ônibus,Ileso       ,47.0,Masculino
269762,24/08/2007,RN,101,NATAL,Não guardar distância de segurança,Colisão traseira,Sem Vítimas        ,Pleno dia,Ceu Claro,Múltipla,Urbano,Motocicletas,Ileso       ,29.0,Masculino
269804,18/08/2007,RN,101,PARNAMIRIM,Não guardar distância de segurança,Colisão traseira,Sem Vítimas        ,Anoitecer,Ceu Claro,Simples ,Rural ,Automóvel,Ileso       ,46.0,Masculino
269804,18/08/2007,RN,101,PARNAMIRIM,Não guardar distância de segurança,Colisão traseira,Sem Vítimas        ,Anoitecer,Ceu Claro,Simples ,Rural ,Caminhonete,Ileso       ,34.0,Masculino
269804,18/08/2007,RN,101,PARNAMIRIM,Não guardar distância de segurança,Colisão traseira,Sem Vítimas        ,Anoitecer,Ceu Claro,Simples ,Rural ,Camioneta,Ileso       ,66.0,Masculino
269995,24/08/2007,RN,101,NATAL,Não guardar distância de segurança,Colisão lateral,Com Vítimas Feridas,Plena noite,Ceu Claro,Dupla   ,Urbano,Automóvel,Ileso       ,26.0,Feminino
269995,24/08/2007,RN,101,NATAL,Não guardar distância de segurança,Colisão lateral,Com Vítimas Feridas,Plena noite,Ceu Claro,Dupla   ,Urbano,Motocicletas,Ferido Grave,23.0,Masculino
270065,20/08/2007,RN,101,SAO GONCALO DO AMARANTE,Outras,Colisão lateral,Sem Vítimas        ,Pleno dia,Ceu Claro,Dupla   ,Urbano,Automóvel,Ileso       ,40.0,Masculino
270065,20/08/2007,RN,101,SAO GONCALO DO AMARANTE,Outras,Colisão lateral,Sem Vítimas        ,Pleno dia,Ceu Claro,Dupla   ,Urbano,Ônibus,Ignorado    ,-1.0,Não Informado
270110,22/08/2007,RN,304,MACAIBA,Falta de atenção,Colisão traseira,Sem Vítimas        ,Pleno dia,Ceu Claro,Simples ,Urbano,Camioneta,Ileso       ,38.0,Masculino
270110,22/08/2007,RN,304,MACAIBA,Falta de atenção,Colisão traseira,Sem Vítimas        ,Pleno dia,Ceu Claro,Simples ,Urbano,Automóvel,Ileso       ,63.0,Masculino
270184,25/08/2007,RN,226,SANTA CRUZ,Outras,Capotamento,Com Vítimas Feridas,Pleno dia,Ceu Claro,Simples ,Rural ,Automóvel,Ferido Leve ,27.0,Feminino
270184,25/08/2007,RN,226,SANTA CRUZ,Outras,Capotamento,Com Vítimas Feridas,Pleno dia,Ceu Claro,Simples ,Rural ,Automóvel,Ileso       ,1.0,Feminino
270184,25/08/2007,RN,226,SANTA CRUZ,Outras,Capotamento,Com Vítimas Feridas,Pleno dia,Ceu Claro,Simples ,Rural ,Automóvel,Ferido Leve ,64.0,Feminino
270184,25/08/2007,RN,226,SANTA CRUZ,Outras,Capotamento,Com Vítimas Feridas,Pleno dia,Ceu Claro,Simples ,Rural ,Automóvel,Ferido Leve ,3.0,Feminino
270184,25/08/2007,RN,226,SANTA CRUZ,Outras,Capotamento,Com Vítimas Feridas,Pleno dia,Ceu Claro,Simples ,Rural ,Automóvel,Ferido Leve ,9.0,Masculino
270202,25/08/2007,RN,101,NATAL,Não guardar distância de segurança,Colisão traseira,Sem Vítimas        ,Pleno dia,Ceu Claro,Múltipla,Urbano,Automóvel,Ileso       ,44.0,Não Informado
270202,25/08/2007,RN,101,NATAL,Não guardar distância de segurança,Colisão traseira,Sem Vítimas        ,Pleno dia,Ceu Claro,Múltipla,Urbano,Automóvel,Ileso       ,25.0,Masculino
270273,21/08/2007,RN,226,CAMPO REDONDO,Falta de atenção,Colisão lateral,Sem Vítimas        ,Anoitecer,Ceu Claro,Simples ,Urbano,Caminhão-Trator,Ileso       ,37.0,Masculino
270316,25/08/2007,RN,101,NATAL,Falta de atenção,Colisão traseira,Sem Vítimas        ,Plena noite,Nublado,Dupla   ,Urbano,Automóvel,Ileso       ,26.0,Feminino
270316,25/08/2007,RN,101,NATAL,Falta de atenção,Colisão traseira,Sem Vítimas        ,Plena noite,Nublado,Dupla   ,Urbano,Camioneta,Ileso       ,55.0,Masculino
270423,26/08/2007,RN,226,NATAL,Falta de atenção,Colisão Transversal,Sem Vítimas        ,Pleno dia,Ceu Claro,Simples ,Urbano,Caminhonete,Ileso       ,32.0,Masculino
270423,26/08/2007,RN,226,NATAL,Falta de atenção,Colisão Transversal,Sem Vítimas        ,Pleno dia,Ceu Claro,Simples ,Urbano,Automóvel,Ileso       ,24.0,Não Informado
270543,25/08/2007,RN,226,BOM JESUS,Outras,Colisão lateral,Sem Vítimas        ,Plena noite,Ceu Claro,Simples ,Rural ,Motocicletas,Ileso       ,31.0,Masculino
270543,25/08/2007,RN,226,BOM JESUS,Outras,Colisão lateral,Sem Vítimas        ,Plena noite,Ceu Claro,Simples ,Rural ,Automóvel,Ileso       ,21.0,Masculino
270543,25/08/2007,RN,226,BOM JESUS,Outras,Colisão lateral,Sem Vítimas        ,Plena noite,Ceu Claro,Simples ,Rural ,Automóvel,Ileso       ,29.0,Masculino
270715,24/08/2007,RN,101,NATAL,Falta de atenção,Colisão com objeto fixo,Sem Vítimas        ,Amanhecer,Chuva,Simples ,Urbano,Automóvel,Ileso       ,24.0,Masculino
270719,16/08/2007,RN,304,CAICARA DO RIO DO VENTO,Ingestão de álcool,Saída de Pista,Sem Vítimas        ,Plena noite,Ceu Claro,Simples ,Urbano,Caminhão-Trator,Ileso       ,61.0,Masculino
270732,10/08/2007,RN,427,CAICO,Outras,Colisão Transversal,Com Vítimas Feridas,Pleno dia,Ceu Claro,Simples ,Urbano,Motocicletas,Ferido Grave,33.0,Masculino
270732,10/08/2007,RN,427,CAICO,Outras,Colisão Transversal,Com Vítimas Feridas,Pleno dia,Ceu Claro,Simples ,Urbano,Motocicletas,Ileso       ,25.0,Masculino
270732,10/08/2007,RN,427,CAICO,Outras,Colisão Transversal,Com Vítimas Feridas,Pleno dia,Ceu Claro,Simples ,Urbano,Motocicletas,Ferido Leve ,34.0,Feminino
270740,23/08/2007,RN,304,MOSSORO,Outras,Capotamento,Sem Vítimas        ,Pleno dia,Sol,Simples ,Rural ,Automóvel,Ileso       ,21.0,Masculino
270758,26/08/2007,RN,226,NATAL,Falta de atenção,Colisão Transversal,Sem Vítimas        ,Plena noite,Ceu Claro,Simples ,Urbano,Automóvel,Ileso       ,53.0,Masculino
270758,26/08/2007,RN,226,NATAL,Falta de atenção,Colisão Transversal,Sem Vítimas        ,Plena noite,Ceu Claro,Simples ,Urbano,Automóvel,Ileso       ,50.0,Masculino
270785,27/08/2007,RN,101,NATAL,Falta de atenção,Colisão traseira,Sem Vítimas        ,Pleno dia,Ceu Claro,Múltipla,Urbano,Automóvel,Ileso       ,37.0,Masculino
270785,27/08/2007,RN,101,NATAL,Falta de atenção,Colisão traseira,Sem Vítimas        ,Pleno dia,Ceu Claro,Múltipla,Urbano,Automóvel,Ileso       ,30.0,Masculino
270868,27/08/2007,RN,110,AREIA BRANCA,Outras,Colisão frontal,Com Vítimas Fatais ,Plena noite,Ceu Claro,Simples ,Rural ,Motocicletas,Ferido Grave,27.0,Masculino
270868,27/08/2007,RN,110,AREIA BRANCA,Outras,Colisão frontal,Com Vítimas Fatais ,Plena noite,Ceu Claro,Simples ,Rural ,Motoneta,Morto       ,34.0,Masculino
270868,27/08/2007,RN,110,AREIA BRANCA,Outras,Colisão frontal,Com Vítimas Fatais ,Plena noite,Ceu Claro,Simples ,Rural ,Motoneta,Ferido Grave,32.0,Masculino
270885,27/08/2007,RN,405,MOSSORO,Falta de atenção,Colisão traseira,Com Vítimas Feridas,Pleno dia,Ceu Claro,Dupla   ,Urbano,Ônibus,Ileso       ,44.0,Masculino
270885,27/08/2007,RN,405,MOSSORO,Falta de atenção,Colisão traseira,Com Vítimas Feridas,Pleno dia,Ceu Claro,Dupla   ,Urbano,Motoneta,Ferido Leve ,40.0,Masculino
270885,27/08/2007,RN,405,MOSSORO,Falta de atenção,Colisão traseira,Com Vítimas Feridas,Pleno dia,Ceu Claro,Dupla   ,Urbano,Motoneta,Ferido Grave,35.0,Feminino
270889,10/08/2007,RN,427,JARDIM DO SERIDO,Falta de atenção,Colisão Transversal,Sem Vítimas        ,Plena noite,Ceu Claro,Simples ,Urbano,Automóvel,Ileso       ,66.0,Masculino
270889,10/08/2007,RN,427,JARDIM DO SERIDO,Falta de atenção,Colisão Transversal,Sem Vítimas        ,Plena noite,Ceu Claro,Simples ,Urbano,Caminhonete,Ignorado    ,51.0,Masculino
270896,15/08/2007,RN,304,ITAJA,Falta de atenção,Saída de Pista,Com Vítimas Feridas,Plena noite,Ignorada,Simples ,Rural ,Caminhão,Ileso       ,24.0,Masculino
270896,15/08/2007,RN,304,ITAJA,Falta de atenção,Saída de Pista,Com Vítimas Feridas,Plena noite,Ignorada,Simples ,Rural ,Caminhão,Ferido Leve ,-1.0,Não Informado
270907,27/08/2007,RN,101,SAO JOSE DE MIPIBU,Outras,Colisão Transversal,Sem Vítimas        ,Pleno dia,Ceu Claro,Simples ,Urbano,Camioneta,Ileso       ,68.0,Masculino
270907,27/08/2007,RN,101,SAO JOSE DE MIPIBU,Outras,Colisão Transversal,Sem Vítimas        ,Pleno dia,Ceu Claro,Simples ,Urbano,Automóvel,Ileso       ,32.0,Feminino
270956,27/08/2007,RN,405,MOSSORO,Outras,Colisão Transversal,Sem Vítimas        ,Plena noite,Ceu Claro,Dupla   ,Urbano,Caminhonete,Ileso       ,63.0,Masculino
270956,27/08/2007,RN,405,MOSSORO,Outras,Colisão Transversal,Sem Vítimas        ,Plena noite,Ceu Claro,Dupla   ,Urbano,Automóvel,Ileso       ,37.0,Masculino
271023,27/08/2007,RN,304,MOSSORO,Outras,Colisão lateral,Com Vítimas Feridas,Plena noite,Ceu Claro,Simples ,Rural ,Caminhão-Trator,Ileso       ,49.0,Masculino
271023,27/08/2007,RN,304,MOSSORO,Outras,Colisão lateral,Com Vítimas Feridas,Plena noite,Ceu Claro,Simples ,Rural ,Camioneta,Ferido Leve ,42.0,Masculino
271037,23/08/2007,RN,101,NATAL,Falta de atenção,Colisão traseira,Sem Vítimas        ,Pleno dia,Ceu Claro,Dupla   ,Urbano,Automóvel,Ileso       ,47.0,Masculino
271037,23/08/2007,RN,101,NATAL,Falta de atenção,Colisão traseira,Sem Vítimas        ,Pleno dia,Ceu Claro,Dupla   ,Urbano,Camioneta,Ileso       ,50.0,Masculino
271046,24/08/2007,RN,101,PARNAMIRIM,Falta de atenção,Colisão lateral,Sem Vítimas        ,Amanhecer,Chuva,Dupla   ,Urbano,Caminhão-Trator,Ileso       ,-1.0,Masculino
271046,24/08/2007,RN,101,PARNAMIRIM,Falta de atenção,Colisão lateral,Sem Vítimas        ,Amanhecer,Chuva,Dupla   ,Urbano,Motocicletas,Ileso       ,44.0,Masculino
271073,24/08/2007,RN,101,NATAL,Outras,Colisão Transversal,Sem Vítimas        ,Plena noite,Ceu Claro,Dupla   ,Urbano,Automóvel,Ileso       ,37.0,Masculino
271073,24/08/2007,RN,101,NATAL,Outras,Colisão Transversal,Sem Vítimas        ,Plena noite,Ceu Claro,Dupla   ,Urbano,Automóvel,Ileso       ,33.0,Não Informado
271077,25/08/2007,RN,101,PARNAMIRIM,Outras,Saída de Pista,Com Vítimas Feridas,Plena noite,Ceu Claro,Dupla   ,Urbano,Automóvel,Ferido Leve ,22.0,Masculino
271206,26/08/2007,RN,304,LAJES,Outras,Atropelamento de pessoa,Com Vítimas Fatais ,Pleno dia,Ceu Claro,Simples ,Urbano,Caminhonete,Ileso       ,42.0,Masculino
271206,26/08/2007,RN,304,LAJES,Outras,Atropelamento de pessoa,Com Vítimas Fatais ,Pleno dia,Ceu Claro,Simples ,Urbano,(null),Morto       ,66.0,Masculino
271213,28/08/2007,RN,304,MOSSORO,Falta de atenção,Colisão Transversal,Sem Vítimas        ,Pleno dia,Ceu Claro,Dupla   ,Urbano,Automóvel,Ileso       ,-1.0,Masculino
271213,28/08/2007,RN,304,MOSSORO,Falta de atenção,Colisão Transversal,Sem Vítimas        ,Pleno dia,Ceu Claro,Dupla   ,Urbano,Automóvel,Ileso       ,42.0,Masculino
271220,26/08/2007,RN,304,LAJES,Falta de atenção,Capotamento,Com Vítimas Feridas,Anoitecer,Ceu Claro,Simples ,Urbano,Automóvel,Ileso       ,36.0,Feminino
271220,26/08/2007,RN,304,LAJES,Falta de atenção,Capotamento,Com Vítimas Feridas,Anoitecer,Ceu Claro,Simples ,Urbano,Automóvel,Ferido Leve ,8.0,Masculino
271254,28/08/2007,RN,101,NATAL,Falta de atenção,Colisão traseira,Sem Vítimas        ,Pleno dia,Ceu Claro,Dupla   ,Urbano,Automóvel,Ileso       ,-1.0,Feminino
271254,28/08/2007,RN,101,NATAL,Falta de atenção,Colisão traseira,Sem Vítimas        ,Pleno dia,Ceu Claro,Dupla   ,Urbano,Caminhonete,Ileso       ,-1.0,Masculino
271298,28/08/2007,RN,101,NATAL,Não guardar distância de segurança,Colisão traseira,Sem Vítimas        ,Pleno dia,Ceu Claro,Dupla   ,Urbano,Camioneta,Ileso       ,49.0,Masculino
271298,28/08/2007,RN,101,NATAL,Não guardar distância de segurança,Colisão traseira,Sem Vítimas        ,Pleno dia,Ceu Claro,Dupla   ,Urbano,Automóvel,Ileso       ,30.0,Masculino
271356,20/08/2007,RN,427,CURRAIS NOVOS,Outras,Capotamento,Sem Vítimas        ,Pleno dia,Chuva,Simples ,Rural ,Automóvel,Ileso       ,25.0,Masculino
271440,24/08/2007,RN,101,NATAL,Não guardar distância de segurança,Colisão traseira,Sem Vítimas        ,Pleno dia,Nublado,Múltipla,Urbano,Automóvel,Ileso       ,26.0,Masculino