id,data_inversa,uf,br,municipio,causa_acidente,tipo_acidente,classificacao_acidente,fase_dia,condicao_metereologica,tipo_pista,uso_solo,tipo_veiculo,estado_fisico,idade,sexo
287095,08/10/2007,RN,101,NATAL,Animais na Pista,Saída de Pista,Sem Vítimas        ,Anoitecer,Chuva,Dupla   ,Rural ,Automóvel,Ileso       ,33.0,Feminino
287196,28/09/2007,RN,226,MACAIBA,Outras,Atropelamento de pessoa,Com Vítimas Fatais ,Plena noite,Ceu Claro,Simples ,Rural ,Não identificado,Ileso       ,-1.0,Não Informado
287196,28/09/2007,RN,226,MACAIBA,Outras,Atropelamento de pessoa,Com Vítimas Fatais ,Plena noite,Ceu Claro,Simples ,Rural ,(null),Morto       ,20.0,Masculino
287238,08/10/2007,RN,101,PARNAMIRIM,Falta de atenção,Colisão traseira,Sem Vítimas        ,Pleno dia,Nublado,Dupla   ,Urbano,Automóvel,Ignorado    ,-1.0,Não Informado
287238,08/10/2007,RN,101,PARNAMIRIM,Falta de atenção,Colisão traseira,Sem Vítimas        ,Pleno dia,Nublado,Dupla   ,Urbano,Automóvel,Ileso       ,40.0,Masculino
287238,08/10/2007,RN,101,PARNAMIRIM,Falta de atenção,Colisão traseira,Sem Vítimas        ,Pleno dia,Nublado,Dupla   ,Urbano,Automóvel,Ileso       ,42.0,Masculino
287238,08/10/2007,RN,101,PARNAMIRIM,Falta de atenção,Colisão traseira,Sem Vítimas        ,Pleno dia,Nublado,Dupla   ,Urbano,Automóvel,Ileso       ,27.0,Feminino
287239,09/10/2007,RN,101,EXTREMOZ,Animais na Pista,Saída de Pista,Sem Vítimas        ,Amanhecer,Ceu Claro,Simples ,Rural ,Automóvel,Ileso       ,40.0,Masculino
287312,05/10/2007,RN,101,PARNAMIRIM,Outras,Colisão traseira,Com Vítimas Feridas,Plena noite,Ceu Claro,Dupla   ,Urbano,Automóvel,Ileso       ,21.0,Masculino
287312,05/10/2007,RN,101,PARNAMIRIM,Outras,Colisão traseira,Com Vítimas Feridas,Plena noite,Ceu Claro,Dupla   ,Urbano,Automóvel,Ileso       ,44.0,Não Informado
287312,05/10/2007,RN,101,PARNAMIRIM,Outras,Colisão traseira,Com Vítimas Feridas,Plena noite,Ceu Claro,Dupla   ,Urbano,Automóvel,Ferido Leve ,19.0,Feminino
287424,09/10/2007,RN,406,CEARA-MIRIM,Falta de atenção,Colisão traseira,Sem Vítimas        ,Pleno dia,Ceu Claro,Simples ,Urbano,Caminhão,Ileso       ,29.0,Masculino
287424,09/10/2007,RN,406,CEARA-MIRIM,Falta de atenção,Colisão traseira,Sem Vítimas        ,Pleno dia,Ceu Claro,Simples ,Urbano,Caminhão,Ileso       ,67.0,Masculino
287452,05/10/2007,RN,101,NATAL,Outras,Colisão traseira,Sem Vítimas        ,Plena noite,Ceu Claro,Dupla   ,Urbano,Automóvel,Ileso       ,56.0,Feminino
287452,05/10/2007,RN,101,NATAL,Outras,Colisão traseira,Sem Vítimas        ,Plena noite,Ceu Claro,Dupla   ,Urbano,Automóvel,Ileso       ,33.0,Masculino
287452,05/10/2007,RN,101,NATAL,Outras,Colisão traseira,Sem Vítimas        ,Plena noite,Ceu Claro,Dupla   ,Urbano,Automóvel,Ileso       ,57.0,Masculino
287469,06/10/2007,RN,406,SAO GONCALO DO AMARANTE,Animais na Pista,Atropelamento de animal,Com Vítimas Feridas,Plena noite,Ceu Claro,Simples ,Urbano,Motocicletas,Ferido Leve ,24.0,Masculino
287469,06/10/2007,RN,406,SAO GONCALO DO AMARANTE,Animais na Pista,Atropelamento de animal,Com Vítimas Feridas,Plena noite,Ceu Claro,Simples ,Urbano,Motocicletas,Ferido Leve ,-1.0,Feminino
287553,09/10/2007,RN,406,CEARA-MIRIM,Outras,Colisão com objeto móvel,Com Vítimas Feridas,Pleno dia,Ceu Claro,Simples ,Rural ,Camioneta,Ileso       ,52.0,Masculino
287553,09/10/2007,RN,406,CEARA-MIRIM,Outras,Colisão com objeto móvel,Com Vítimas Feridas,Pleno dia,Ceu Claro,Simples ,Rural ,Camioneta,Ferido Leve ,25.0,Masculino
287553,09/10/2007,RN,406,CEARA-MIRIM,Outras,Colisão com objeto móvel,Com Vítimas Feridas,Pleno dia,Ceu Claro,Simples ,Rural ,Ônibus,Ileso       ,32.0,Masculino
287692,09/10/2007,RN,101,PARNAMIRIM,Ingestão de álcool,Colisão Transversal,Sem Vítimas        ,Plena noite,Nublado,Dupla   ,Urbano,Automóvel,Ileso       ,43.0,Masculino
287692,09/10/2007,RN,101,PARNAMIRIM,Ingestão de álcool,Colisão Transversal,Sem Vítimas        ,Plena noite,Nublado,Dupla   ,Urbano,Automóvel,Ileso       ,46.0,Masculino
287723,06/10/2007,RN,101,NATAL,Falta de atenção,Colisão traseira,Sem Vítimas        ,Pleno dia,Ceu Claro,Múltipla,Urbano,Automóvel,Ileso       ,34.0,Masculino
287723,06/10/2007,RN,101,NATAL,Falta de atenção,Colisão traseira,Sem Vítimas        ,Pleno dia,Ceu Claro,Múltipla,Urbano,Automóvel,Ileso       ,-1.0,Não Informado
287792,06/10/2007,RN,406,SAO GONCALO DO AMARANTE,Outras,Capotamento,Sem Vítimas        ,Plena noite,Ceu Claro,Simples ,Rural ,Automóvel,Ileso       ,26.0,Masculino
287836,07/10/2007,RN,304,MACAIBA,Falta de atenção,Colisão traseira,Com Vítimas Fatais ,Anoitecer,Ceu Claro,Dupla   ,Rural ,Motoneta,Ferido Grave,-1.0,Não Informado
287836,07/10/2007,RN,304,MACAIBA,Falta de atenção,Colisão traseira,Com Vítimas Fatais ,Anoitecer,Ceu Claro,Dupla   ,Rural ,Carroça,Morto       ,-1.0,Não Informado
287847,07/10/2007,RN,427,CAICO,Outras,Colisão lateral,Com Vítimas Feridas,Amanhecer,Ceu Claro,Simples ,Rural ,Motocicletas,Ferido Leve ,31.0,Masculino
287847,07/10/2007,RN,427,CAICO,Outras,Colisão lateral,Com Vítimas Feridas,Amanhecer,Ceu Claro,Simples ,Rural ,Motocicletas,Ferido Leve ,22.0,Feminino
287847,07/10/2007,RN,427,CAICO,Outras,Colisão lateral,Com Vítimas Feridas,Amanhecer,Ceu Claro,Simples ,Rural ,Automóvel,Ileso       ,54.0,Masculino
287963,06/10/2007,RN,101,PARNAMIRIM,Falta de atenção,Colisão traseira,Sem Vítimas        ,Pleno dia,Sol,Dupla   ,Urbano,Automóvel,Ileso       ,49.0,Masculino
287963,06/10/2007,RN,101,PARNAMIRIM,Falta de atenção,Colisão traseira,Sem Vítimas        ,Pleno dia,Sol,Dupla   ,Urbano,Microônibus,Ileso       ,48.0,Masculino
287970,10/10/2007,RN,304,MOSSORO,Outras,Colisão frontal,Com Vítimas Fatais ,Pleno dia,Ceu Claro,Simples ,Rural ,Motocicletas,Morto       ,32.0,Masculino
287970,10/10/2007,RN,304,MOSSORO,Outras,Colisão frontal,Com Vítimas Fatais ,Pleno dia,Ceu Claro,Simples ,Rural ,Caminhão,Ferido Leve ,33.0,Masculino
287978,20/06/2007,RN,101,NATAL,Outras,Colisão lateral,Sem Vítimas        ,Pleno dia,Ceu Claro,Dupla   ,Urbano,Automóvel,Ileso       ,19.0,Não Informado
287978,20/06/2007,RN,101,NATAL,Outras,Colisão lateral,Sem Vítimas        ,Pleno dia,Ceu Claro,Dupla   ,Urbano,Automóvel,Ileso       ,-1.0,Não Informado
288006,10/10/2007,RN,304,MOSSORO,Defeito mecânico em veículo,Tombamento,Com Vítimas Feridas,Pleno dia,Ceu Claro,Simples ,Rural ,Caminhão,Ileso       ,26.0,Masculino
288006,10/10/2007,RN,304,MOSSORO,Defeito mecânico em veículo,Tombamento,Com Vítimas Feridas,Pleno dia,Ceu Claro,Simples ,Rural ,Caminhão,Ferido Leve ,26.0,Masculino
288011,16/09/2007,RN,101,NATAL,Outras,Colisão lateral,Sem Vítimas        ,Pleno dia,Ceu Claro,Dupla   ,Urbano,Automóvel,Ileso       ,16.0,Feminino
288011,16/09/2007,RN,101,NATAL,Outras,Colisão lateral,Sem Vítimas        ,Pleno dia,Ceu Claro,Dupla   ,Urbano,Caminhão,Ileso       ,23.0,Masculino
288026,10/10/2007,RN,101,NATAL,Falta de atenção,Colisão traseira,Com Vítimas Feridas,Pleno dia,Ceu Claro,Dupla   ,Urbano,Motocicletas,Ferido Leve ,25.0,Masculino
288026,10/10/2007,RN,101,NATAL,Falta de atenção,Colisão traseira,Com Vítimas Feridas,Pleno dia,Ceu Claro,Dupla   ,Urbano,Automóvel,Ignorado    ,-1.0,Não Informado
288026,10/10/2007,RN,101,NATAL,Falta de atenção,Colisão traseira,Com Vítimas Feridas,Pleno dia,Ceu Claro,Dupla   ,Urbano,Motocicletas,Ferido Grave,36.0,Masculino
288109,02/10/2007,RN,101,NATAL,Falta de atenção,Colisão lateral,Com Vítimas Feridas,Pleno dia,Ceu Claro,Dupla   ,Urbano,Automóvel,Ileso       ,48.0,Masculino
288109,02/10/2007,RN,101,NATAL,Falta de atenção,Colisão lateral,Com Vítimas Feridas,Pleno dia,Ceu Claro,Dupla   ,Urbano,Bicicleta,Ferido Leve ,34.0,Masculino
288119,06/10/2007,RN,101,NATAL,Desobediência à sinalização,Colisão lateral,Sem Vítimas        ,Pleno dia,Ceu Claro,Dupla   ,Urbano,Automóvel,Ileso       ,30.0,Masculino
288119,06/10/2007,RN,101,NATAL,Desobediência à sinalização,Colisão lateral,Sem Vítimas        ,Pleno dia,Ceu Claro,Dupla   ,Urbano,Caminhonete,Ileso       ,48.0,Masculino
288151,10/10/2007,RN,101,NATAL,Outras,Atropelamento de pessoa,Com Vítimas Feridas,Pleno dia,Sol,Múltipla,Urbano,Microônibus,Ileso       ,28.0,Masculino
288151,10/10/2007,RN,101,NATAL,Outras,Atropelamento de pessoa,Com Vítimas Feridas,Pleno dia,Sol,Múltipla,Urbano,(null),Ferido Leve ,23.0,Masculino
288185,10/10/2007,RN,101,NATAL,Outras,Tombamento,Com Vítimas Feridas,Plena noite,Ceu Claro,Múltipla,Urbano,Motoneta,Ferido Grave,32.0,Masculino
288185,10/10/2007,RN,101,NATAL,Outras,Tombamento,Com Vítimas Feridas,Plena noite,Ceu Claro,Múltipla,Urbano,Motoneta,Ferido Leve ,25.0,Feminino
288273,07/10/2007,RN,101,NATAL,Não guardar distância de segurança,Colisão traseira,Sem Vítimas        ,Plena noite,Ceu Claro,Dupla   ,Urbano,Automóvel,Ileso       ,33.0,Masculino
288273,07/10/2007,RN,101,NATAL,Não guardar distância de segurança,Colisão traseira,Sem Vítimas        ,Plena noite,Ceu Claro,Dupla   ,Urbano,Automóvel,Ileso       ,24.0,Masculino
288371,08/10/2007,RN,304,MOSSORO,Outras,Colisão traseira,Com Vítimas Feridas,Plena noite,Ceu Claro,Simples ,Urbano,Caminhão,Ileso       ,21.0,Masculino
288371,08/10/2007,RN,304,MOSSORO,Outras,Colisão traseira,Com Vítimas Feridas,Plena noite,Ceu Claro,Simples ,Urbano,Bicicleta,Ferido Grave,-1.0,Não Informado
288435,11/10/2007,RN,405,MOSSORO,Outras,Colisão com bicicleta,Com Vítimas Feridas,Amanhecer,Ceu Claro,Simples ,Rural ,Automóvel,Ignorado    ,-1.0,Não Informado
288435,11/10/2007,RN,405,MOSSORO,Outras,Colisão com bicicleta,Com Vítimas Feridas,Amanhecer,Ceu Claro,Simples ,Rural ,Bicicleta,Ferido Grave,-1.0,Masculino
288435,11/10/2007,RN,405,MOSSORO,Outras,Colisão com bicicleta,Com Vítimas Feridas,Amanhecer,Ceu Claro,Simples ,Rural ,Bicicleta,Ferido Leve ,30.0,Masculino
288484,08/10/2007,RN,101,PARNAMIRIM,Não guardar distância de segurança,Colisão traseira,Com Vítimas Feridas,Pleno dia,Ceu Claro,Múltipla,Urbano,Automóvel,Ileso       ,52.0,Masculino
288484,08/10/2007,RN,101,PARNAMIRIM,Não guardar distância de segurança,Colisão traseira,Com Vítimas Feridas,Pleno dia,Ceu Claro,Múltipla,Urbano,Motocicletas,Ferido Leve ,43.0,Masculino
288505,11/10/2007,RN,101,PARNAMIRIM,Outras,Colisão traseira,Sem Vítimas        ,Pleno dia,Ceu Claro,Dupla   ,Urbano,Caminhão,Ileso       ,25.0,Masculino
288505,11/10/2007,RN,101,PARNAMIRIM,Outras,Colisão traseira,Sem Vítimas        ,Pleno dia,Ceu Claro,Dupla   ,Urbano,Motoneta,Ileso       ,34.0,Masculino
288544,30/09/2007,RN,226,LAJES PINTADAS,Outras,Colisão frontal,Com Vítimas Fatais ,Amanhecer,Ceu Claro,Simples ,Rural ,Automóvel,Ileso       ,84.0,Masculino
288544,30/09/2007,RN,226,LAJES PINTADAS,Outras,Colisão frontal,Com Vítimas Fatais ,Amanhecer,Ceu Claro,Simples ,Rural ,Motocicletas,Morto       ,23.0,Masculino
288585,11/10/2007,RN,101,NATAL,Não guardar distância de segurança,Colisão traseira,Sem Vítimas        ,Plena noite,Ceu Claro,Dupla   ,Urbano,Motoneta,Ileso       ,17.0,Masculino
288585,11/10/2007,RN,101,NATAL,Não guardar distância de segurança,Colisão traseira,Sem Vítimas        ,Plena noite,Ceu Claro,Dupla   ,Urbano,Automóvel,Ileso       ,34.0,Feminino
288775,12/10/2007,RN,226,LAJES PINTADAS,Velocidade incompatível,Capotamento,Com Vítimas Feridas,Pleno dia,Nublado,Simples ,Rural ,Automóvel,Ferido Leve ,19.0,Masculino
288775,12/10/2007,RN,226,LAJES PINTADAS,Velocidade incompatível,Capotamento,Com Vítimas Feridas,Pleno dia,Nublado,Simples ,Rural ,Automóvel,Ferido Leve ,21.0,Feminino
288792,12/10/2007,RN,101,SAO JOSE DE MIPIBU,Falta de atenção,Colisão traseira,Sem Vítimas        ,Pleno dia,Nublado,Simples ,Rural ,Caminhão,Ileso       ,32.0,Masculino
288792,12/10/2007,RN,101,SAO JOSE DE MIPIBU,Falta de atenção,Colisão traseira,Sem Vítimas        ,Pleno dia,Nublado,Simples ,Rural ,Camioneta,Ileso       ,43.0,Masculino
288838,06/10/2007,RN,304,MOSSORO,Desobediência à sinalização,Colisão Transversal,Com Vítimas Feridas,Pleno dia,Sol,Simples ,Urbano,Automóvel,Ferido Leve ,27.0,Masculino
288838,06/10/2007,RN,304,MOSSORO,Desobediência à sinalização,Colisão Transversal,Com Vítimas Feridas,Pleno dia,Sol,Simples ,Urbano,Caminhão-Trator,Ileso       ,37.0,Masculino
288850,08/10/2007,RN,101,NATAL,Falta de atenção,Colisão traseira,Sem Vítimas        ,Pleno dia,Nublado,Dupla   ,Urbano,Automóvel,Ileso       ,28.0,Masculino
288850,08/10/2007,RN,101,NATAL,Falta de atenção,Colisão traseira,Sem Vítimas        ,Pleno dia,Nublado,Dupla   ,Urbano,Automóvel,Ileso       ,36.0,Masculino
288850,08/10/2007,RN,101,NATAL,Falta de atenção,Colisão traseira,Sem Vítimas        ,Pleno dia,Nublado,Dupla   ,Urbano,Automóvel,Ileso       ,36.0,Masculino
288919,06/09/2007,RN,101,NATAL,Falta de atenção,Colisão traseira,Sem Vítimas        ,Pleno dia,Ceu Claro,Dupla   ,Urbano,Automóvel,Ileso       ,24.0,Masculino
288919,06/09/2007,RN,101,NATAL,Falta de atenção,Colisão traseira,Sem Vítimas        ,Pleno dia,Ceu Claro,Dupla   ,Urbano,Automóvel,Ileso       ,40.0,Feminino
288919,06/09/2007,RN,101,NATAL,Falta de atenção,Colisão traseira,Sem Vítimas        ,Pleno dia,Ceu Claro,Dupla   ,Urbano,Automóvel,Ileso       ,44.0,Masculino
289119,10/10/2007,RN,101,SAO JOSE DE MIPIBU,Falta de atenção,Colisão lateral,Sem Vítimas        ,Pleno dia,Nublado,Simples ,Rural ,Caminhão,Ileso       ,48.0,Masculino
289119,10/10/2007,RN,101,SAO JOSE DE MIPIBU,Falta de atenção,Colisão lateral,Sem Vítimas        ,Pleno dia,Nublado,Simples ,Rural ,Caminhonete,Ileso       ,58.0,Masculino
289156,13/10/2007,RN,101,NATAL,Falta de atenção,Colisão traseira,Sem Vítimas        ,Pleno dia,Sol,Dupla   ,Urbano,Automóvel,Ileso       ,50.0,Masculino
289156,13/10/2007,RN,101,NATAL,Falta de atenção,Colisão traseira,Sem Vítimas        ,Pleno dia,Sol,Dupla   ,Urbano,Automóvel,Ileso       ,49.0,Masculino
289156,13/10/2007,RN,101,NATAL,Falta de atenção,Colisão traseira,Sem Vítimas        ,Pleno dia,Sol,Dupla   ,Urbano,Automóvel,Ileso       ,66.0,Masculino
289156,13/10/2007,RN,101,NATAL,Falta de atenção,Colisão traseira,Sem Vítimas        ,Pleno dia,Sol,Dupla   ,Urbano,Automóvel,Ileso       ,21.0,Masculino
289162,11/10/2007,RN,101,SAO GONCALO DO AMARANTE,Outras,Colisão traseira,Com Vítimas Feridas,Pleno dia,Ceu Claro,Dupla   ,Urbano,Automóvel,Ileso       ,51.0,Masculino
289162,11/10/2007,RN,101,SAO GONCALO DO AMARANTE,Outras,Colisão traseira,Com Vítimas Feridas,Pleno dia,Ceu Claro,Dupla   ,Urbano,Automóvel,Ileso       ,-1.0,Masculino
289162,11/10/2007,RN,101,SAO GONCALO DO AMARANTE,Outras,Colisão traseira,Com Vítimas Feridas,Pleno dia,Ceu Claro,Dupla   ,Urbano,Automóvel,Ileso       ,23.0,Feminino
289162,11/10/2007,RN,101,SAO GONCALO DO AMARANTE,Outras,Colisão traseira,Com Vítimas Feridas,Pleno dia,Ceu Claro,Dupla   ,Urbano,Automóvel,Ileso       ,31.0,Masculino
289162,11/10/2007,RN,101,SAO GONCALO DO AMARANTE,Outras,Colisão traseira,Com Vítimas Feridas,Pleno dia,Ceu Claro,Dupla   ,Urbano,Automóvel,Ileso       ,46.0,Masculino
289162,11/10/2007,RN,101,SAO GONCALO DO AMARANTE,Outras,Colisão traseira,Com Vítimas Feridas,Pleno dia,Ceu Claro,Dupla   ,Urbano,Ônibus,Ferido Leve ,39.0,Masculino
289162,11/10/2007,RN,101,SAO GONCALO DO AMARANTE,Outras,Colisão traseira,Com Vítimas Feridas,Pleno dia,Ceu Claro,Dupla   ,Urbano,Automóvel,Ileso       ,26.0,Masculino
289162,11/10/2007,RN,101,SAO GONCALO DO AMARANTE,Outras,Colisão traseira,Com Vítimas Feridas,Pleno dia,Ceu Claro,Dupla   ,Urbano,Camioneta,Ileso       ,-1.0,Não Informado
289162,11/10/2007,RN,101,SAO GONCALO DO AMARANTE,Outras,Colisão traseira,Com Vítimas Feridas,Pleno dia,Ceu Claro,Dupla   ,Urbano,Microônibus,Ileso       ,39.0,Masculino
289162,11/10/2007,RN,101,SAO GONCALO DO AMARANTE,Outras,Colisão traseira,Com Vítimas Feridas,Pleno dia,Ceu Claro,Dupla   ,Urbano,Automóvel,Ileso       ,48.0,Masculino
289162,11/10/2007,RN,101,SAO GONCALO DO AMARANTE,Outras,Colisão traseira,Com Vítimas Feridas,Pleno dia,Ceu Claro,Dupla   ,Urbano,Automóvel,Ileso       ,46.0,Feminino
289162,11/10/2007,RN,101,SAO GONCALO DO AMARANTE,Outras,Colisão traseira,Com Vítimas Feridas,Pleno dia,Ceu Claro,Dupla   ,Urbano,Caminhonete,Ileso       ,45.0,Masculino
289162,11/10/2007,RN,101,SAO GONCALO DO AMARANTE,Outras,Colisão traseira,Com Vítimas Feridas,Pleno dia,Ceu Claro,Dupla   ,Urbano,Caminhão-Trator,Ileso       ,51.0,Masculino
289162,11/10/2007,RN,101,SAO GONCALO DO AMARANTE,Outras,Colisão traseira,Com Vítimas Feridas,Pleno dia,Ceu Claro,Dupla   ,Urbano,Caminhonete,Ileso       ,45.0,Masculino
289162,11/10/2007,RN,101,SAO GONCALO DO AMARANTE,Outras,Colisão traseira,Com Vítimas Feridas,Pleno dia,Ceu Claro,Dupla   ,Urbano,Automóvel,Ileso       ,73.0,Masculino
289162,11/10/2007,RN,101,SAO GONCALO DO AMARANTE,Outras,Colisão traseira,Com Vítimas Feridas,Pleno dia,Ceu Claro,Dupla   ,Urbano,Ônibus,Ileso       ,50.0,Masculino
289162,11/10/2007,RN,101,SAO GONCALO DO AMARANTE,Outras,Colisão traseira,Com Vítimas Feridas,Pleno dia,Ceu Claro,Dupla   ,Urbano,Automóvel,Ileso       ,28.0,Masculino
289162,11/10/2007,RN,101,SAO GONCALO DO AMARANTE,Outras,Colisão traseira,Com Vítimas Feridas,Pleno dia,Ceu Claro,Dupla   ,Urbano,Automóvel,Ileso       ,45.0,Não Informado
289162,11/10/2007,RN,101,SAO GONCALO DO AMARANTE,Outras,Colisão traseira,Com Vítimas Feridas,Pleno dia,Ceu Claro,Dupla   ,Urbano,Automóvel,Ileso       ,39.0,Masculino
289162,11/10/2007,RN,101,SAO GONCALO DO AMARANTE,Outras,Colisão traseira,Com Vítimas Feridas,Pleno dia,Ceu Claro,Dupla   ,Urbano,Automóvel,Ferido Leve ,-1.0,Masculino
289162,11/10/2007,RN,101,SAO GONCALO DO AMARANTE,Outras,Colisão traseira,Com Vítimas Feridas,Pleno dia,Ceu Claro,Dupla   ,Urbano,Automóvel,Ferido Leve ,-1.0,Masculino
289162,11/10/2007,RN,101,SAO GONCALO DO AMARANTE,Outras,Colisão traseira,Com Vítimas Feridas,Pleno dia,Ceu Claro,Dupla   ,Urbano,Automóvel,Ferido Leve ,-1.0,Feminino
289162,11/10/2007,RN,101,SAO GONCALO DO AMARANTE,Outras,Colisão traseira,Com Vítimas Feridas,Pleno dia,Ceu Claro,Dupla   ,Urbano,Automóvel,Ferido Leve ,-1.0,Feminino
289465,09/10/2007,RN,101,SAO JOSE DE MIPIBU,Falta de atenção,Colisão lateral,Sem Vítimas        ,Pleno dia,Ceu Claro,Simples ,Urbano,Automóvel,Ileso       ,50.0,Masculino
289465,09/10/2007,RN,101,SAO JOSE DE MIPIBU,Falta de atenção,Colisão lateral,Sem Vítimas        ,Pleno dia,Ceu Claro,Simples ,Urbano,Camioneta,Ileso       ,64.0,Masculino
289558,14/10/2007,RN,101,NATAL,Desobediência à sinalização,Colisão lateral,Sem Vítimas        ,Pleno dia,Sol,Dupla   ,Urbano,Caminhão-Trator,Ileso       ,38.0,Masculino
289558,14/10/2007,RN,101,NATAL,Desobediência à sinalização,Colisão lateral,Sem Vítimas        ,Pleno dia,Sol,Dupla   ,Urbano,Automóvel,Ileso       ,28.0,Masculino
289558,14/10/2007,RN,101,NATAL,Desobediência à sinalização,Colisão lateral,Sem Vítimas        ,Pleno dia,Sol,Dupla   ,Urbano,Automóvel,Ignorado    ,-1.0,Não Informado
289592,06/10/2007,RN,101,NATAL,Falta de atenção,Colisão traseira,Sem Vítimas        ,Pleno dia,Nublado,Múltipla,Urbano,Automóvel,Ileso       ,37.0,Masculino
289592,06/10/2007,RN,101,NATAL,Falta de atenção,Colisão traseira,Sem Vítimas        ,Pleno dia,Nublado,Múltipla,Urbano,Caminhão,Ileso       ,27.0,Masculino
289595,14/10/2007,RN,101,NATAL,Outras,Colisão com bicicleta,Com Vítimas Feridas,Pleno dia,Ceu Claro,Múltipla,Urbano,Motocicletas,Ferido Leve ,23.0,Masculino
289595,14/10/2007,RN,101,NATAL,Outras,Colisão com bicicleta,Com Vítimas Feridas,Pleno dia,Ceu Claro,Múltipla,Urbano,Bicicleta,Ferido Leve ,65.0,Masculino
289603,14/10/2007,RN,406,CEARA-MIRIM,Falta de atenção,Capotamento,Com Vítimas Feridas,Amanhecer,Ceu Claro,Simples ,Rural ,Automóvel,Ileso       ,20.0,Masculino
289603,14/10/2007,RN,406,CEARA-MIRIM,Falta de atenção,Capotamento,Com Vítimas Feridas,Amanhecer,Ceu Claro,Simples ,Rural ,Automóvel,Ferido Grave,21.0,Masculino
289603,14/10/2007,RN,406,CEARA-MIRIM,Falta de atenção,Capotamento,Com Vítimas Feridas,Amanhecer,Ceu Claro,Simples ,Rural ,Automóvel,Ferido Leve ,20.0,Masculino
289603,14/10/2007,RN,406,CEARA-MIRIM,Falta de atenção,Capotamento,Com Vítimas Feridas,Amanhecer,Ceu Claro,Simples ,Rural ,Automóvel,Ferido Leve ,21.0,Masculino
289670,14/10/2007,RN,110,MOSSORO,Desobediência à sinalização,Colisão Transversal,Sem Vítimas        ,Plena noite,Ceu Claro,Simples ,Urbano,Automóvel,Ileso       ,-1.0,Masculino
289691,14/10/2007,RN,427,ACARI,Outras,Capotamento,Com Vítimas Feridas,Plena noite,Ceu Claro,Simples ,Rural ,Automóvel,Ferido Grave,40.0,Feminino
289691,14/10/2007,RN,427,ACARI,Outras,Capotamento,Com Vítimas Feridas,Plena noite,Ceu Claro,Simples ,Rural ,Automóvel,Ferido Leve ,10.0,Masculino
289691,14/10/2007,RN,427,ACARI,Outras,Capotamento,Com Vítimas Feridas,Plena noite,Ceu Claro,Simples ,Rural ,Automóvel,Ferido Leve ,14.0,Feminino
289718,14/10/2007,RN,226,MACAIBA,Outras,Colisão lateral,Sem Vítimas        ,Pleno dia,Sol,Simples ,Urbano,Automóvel,Ileso       ,51.0,Masculino
289718,14/10/2007,RN,226,MACAIBA,Outras,Colisão lateral,Sem Vítimas        ,Pleno dia,Sol,Simples ,Urbano,Automóvel,Ileso       ,27.0,Masculino
289760,14/10/2007,RN,101,NATAL,Não guardar distância de segurança,Colisão traseira,Com Vítimas Feridas,Anoitecer,Ceu Claro,Dupla   ,Urbano,Motocicletas,Ferido Leve ,24.0,Masculino
289760,14/10/2007,RN,101,NATAL,Não guardar distância de segurança,Colisão traseira,Com Vítimas Feridas,Anoitecer,Ceu Claro,Dupla   ,Urbano,Automóvel,Ileso       ,32.0,Masculino
289760,14/10/2007,RN,101,NATAL,Não guardar distância de segurança,Colisão traseira,Com Vítimas Feridas,Anoitecer,Ceu Claro,Dupla   ,Urbano,Motocicletas,Ferido Leve ,-1.0,Não Informado
289799,15/10/2007,RN,304,MOSSORO,Falta de atenção,Capotamento,Sem Vítimas        ,Plena noite,Ceu Claro,Simples ,Rural ,Caminhonete,Ileso       ,23.0,Masculino
289807,11/10/2007,RN,101,NATAL,Não guardar distância de segurança,Colisão traseira,Sem Vítimas        ,Plena noite,Ceu Claro,Dupla   ,Urbano,Automóvel,Ileso       ,46.0,Masculino
289807,11/10/2007,RN,101,NATAL,Não guardar distância de segurança,Colisão traseira,Sem Vítimas        ,Plena noite,Ceu Claro,Dupla   ,Urbano,Camioneta,Ileso       ,40.0,Masculino
289807,11/10/2007,RN,101,NATAL,Não guardar distância de segurança,Colisão traseira,Sem Vítimas        ,Plena noite,Ceu Claro,Dupla   ,Urbano,Automóvel,Ileso       ,40.0,Masculino
289807,11/10/2007,RN,101,NATAL,Não guardar distância de segurança,Colisão traseira,Sem Vítimas        ,Plena noite,Ceu Claro,Dupla   ,Urbano,Automóvel,Ileso       ,23.0,Masculino
289836,11/10/2007,RN,101,NATAL,Desobediência à sinalização,Colisão Transversal,Sem Vítimas        ,Plena noite,Ceu Claro,Dupla   ,Urbano,Motoneta,Ileso       ,23.0,Feminino
289836,11/10/2007,RN,101,NATAL,Desobediência à sinalização,Colisão Transversal,Sem Vítimas        ,Plena noite,Ceu Claro,Dupla   ,Urbano,Automóvel,Ignorado    ,-1.0,Não Informado
289874,07/10/2007,RN,427,CAICO,Ultrapassagem indevida,Colisão com objeto móvel,Sem Vítimas        ,Plena noite,Ceu Claro,Simples ,Urbano,Automóvel,Ileso       ,38.0,Feminino
289874,07/10/2007,RN,427,CAICO,Ultrapassagem indevida,Colisão com objeto móvel,Sem Vítimas        ,Plena noite,Ceu Claro,Simples ,Urbano,Caminhonete,Ileso       ,19.0,Masculino
289879,13/10/2007,RN,101,CEARA-MIRIM,Desobediência à sinalização,Colisão Transversal,Sem Vítimas        ,Pleno dia,Ceu Claro,Simples ,Rural ,Automóvel,Ileso       ,41.0,Masculino