id,data_inversa,uf,br,municipio,causa_acidente,tipo_acidente,classificacao_acidente,fase_dia,condicao_metereologica,tipo_pista,uso_solo,tipo_veiculo,estado_fisico,idade,sexo
311685,26/11/2007,RN,101,NATAL,Defeito mecânico em veículo,Colisão Transversal,Sem Vítimas        ,Pleno dia,Ceu Claro,Múltipla,Urbano,Caminhão,Ileso       ,25.0,Masculino
311698,08/12/2007,RN,101,SAO GONCALO DO AMARANTE,Falta de atenção,Colisão Transversal,Sem Vítimas        ,Pleno dia,Ceu Claro,Dupla   ,Urbano,Automóvel,Ileso       ,50.0,Masculino
311698,08/12/2007,RN,101,SAO GONCALO DO AMARANTE,Falta de atenção,Colisão Transversal,Sem Vítimas        ,Pleno dia,Ceu Claro,Dupla   ,Urbano,Caminhão,Ileso       ,25.0,Masculino
311728,08/12/2007,RN,226,NATAL,Outras,Colisão Transversal,Sem Vítimas        ,Pleno dia,Ceu Claro,Simples ,Urbano,Automóvel,Ileso       ,35.0,Masculino
311728,08/12/2007,RN,226,NATAL,Outras,Colisão Transversal,Sem Vítimas        ,Pleno dia,Ceu Claro,Simples ,Urbano,Automóvel,Ileso       ,34.0,Masculino
311755,26/11/2007,RN,101,ARES,Falta de atenção,Colisão Transversal,Com Vítimas Feridas,Anoitecer,Nublado,Simples ,Rural ,Automóvel,Ferido Leve ,34.0,Masculino
311755,26/11/2007,RN,101,ARES,Falta de atenção,Colisão Transversal,Com Vítimas Feridas,Anoitecer,Nublado,Simples ,Rural ,Automóvel,Ileso       ,43.0,Masculino
311755,26/11/2007,RN,101,ARES,Falta de atenção,Colisão Transversal,Com Vítimas Feridas,Anoitecer,Nublado,Simples ,Rural ,Automóvel,Ferido Leve ,36.0,Feminino
311760,08/12/2007,RN,304,PARNAMIRIM,Outras,Colisão Transversal,Com Vítimas Feridas,Pleno dia,Sol,Dupla   ,Rural ,Caminhão,Ileso       ,34.0,Masculino
311760,08/12/2007,RN,304,PARNAMIRIM,Outras,Colisão Transversal,Com Vítimas Feridas,Pleno dia,Sol,Dupla   ,Rural ,Motocicletas,Ferido Grave,52.0,Masculino
311889,05/12/2007,RN,101,NATAL,Não guardar distância de segurança,Colisão traseira,Sem Vítimas        ,Plena noite,Ceu Claro,Dupla   ,Urbano,Automóvel,Ileso       ,27.0,Masculino
311889,05/12/2007,RN,101,NATAL,Não guardar distância de segurança,Colisão traseira,Sem Vítimas        ,Plena noite,Ceu Claro,Dupla   ,Urbano,Automóvel,Ileso       ,18.0,Masculino
311890,08/12/2007,RN,304,LAJES,Ultrapassagem indevida,Capotamento,Sem Vítimas        ,Pleno dia,Ceu Claro,Simples ,Rural ,Automóvel,Ileso       ,47.0,Masculino
311898,05/12/2007,RN,101,NATAL,Outras,Colisão traseira,Sem Vítimas        ,Plena noite,Ceu Claro,Múltipla,Urbano,Automóvel,Ileso       ,23.0,Masculino
311898,05/12/2007,RN,101,NATAL,Outras,Colisão traseira,Sem Vítimas        ,Plena noite,Ceu Claro,Múltipla,Urbano,Automóvel,Ileso       ,40.0,Feminino
312051,09/12/2007,RN,101,PARNAMIRIM,Outras,Colisão com objeto fixo,Sem Vítimas        ,Pleno dia,Ceu Claro,Múltipla,Urbano,Automóvel,Ileso       ,56.0,Masculino
312051,09/12/2007,RN,101,PARNAMIRIM,Outras,Colisão com objeto fixo,Sem Vítimas        ,Pleno dia,Ceu Claro,Múltipla,Urbano,Caminhão,Ileso       ,-1.0,Não Informado
312069,02/12/2007,RN,101,SAO JOSE DE MIPIBU,Dormindo,Saída de Pista,Sem Vítimas        ,Plena noite,Ceu Claro,Simples ,Rural ,Automóvel,Ileso       ,22.0,Masculino
312102,07/12/2007,RN,304,MOSSORO,Outras,Colisão lateral,Com Vítimas Feridas,Plena noite,Ceu Claro,Dupla   ,Urbano,Automóvel,Ileso       ,23.0,Masculino
312102,07/12/2007,RN,304,MOSSORO,Outras,Colisão lateral,Com Vítimas Feridas,Plena noite,Ceu Claro,Dupla   ,Urbano,Bicicleta,Ferido Leve ,-1.0,Masculino
312192,30/11/2007,RN,101,PARNAMIRIM,Velocidade incompatível,Tombamento,Com Vítimas Feridas,Plena noite,Ceu Claro,Simples ,Urbano,Caminhão-Trator,Ferido Leve ,27.0,Masculino
312228,09/12/2007,RN,304,ANGICOS,Animais na Pista,Saída de Pista,Sem Vítimas        ,Pleno dia,Ceu Claro,Simples ,Rural ,Automóvel,Ileso       ,27.0,Masculino
312256,09/12/2007,RN,405,MOSSORO,Ingestão de álcool,Saída de Pista,Sem Vítimas        ,Plena noite,Ceu Claro,Simples ,Urbano,Automóvel,Ileso       ,43.0,Masculino
312349,03/12/2007,RN,101,NATAL,Outras,Colisão traseira,Sem Vítimas        ,Plena noite,Ceu Claro,Múltipla,Urbano,Camioneta,Ileso       ,39.0,Masculino
312349,03/12/2007,RN,101,NATAL,Outras,Colisão traseira,Sem Vítimas        ,Plena noite,Ceu Claro,Múltipla,Urbano,Automóvel,Ileso       ,45.0,Feminino
312349,03/12/2007,RN,101,NATAL,Outras,Colisão traseira,Sem Vítimas        ,Plena noite,Ceu Claro,Múltipla,Urbano,Automóvel,Ileso       ,-1.0,Masculino
312351,06/12/2007,RN,101,NATAL,Falta de atenção,Colisão traseira,Com Vítimas Feridas,Pleno dia,Ceu Claro,Dupla   ,Urbano,Motocicletas,Ferido Leve ,26.0,Masculino
312351,06/12/2007,RN,101,NATAL,Falta de atenção,Colisão traseira,Com Vítimas Feridas,Pleno dia,Ceu Claro,Dupla   ,Urbano,Automóvel,Ileso       ,59.0,Masculino
312358,02/12/2007,RN,101,PARNAMIRIM,Ingestão de álcool,Atropelamento de pessoa,Com Vítimas Feridas,Plena noite,Ceu Claro,Múltipla,Urbano,Automóvel,Ileso       ,49.0,Masculino
312358,02/12/2007,RN,101,PARNAMIRIM,Ingestão de álcool,Atropelamento de pessoa,Com Vítimas Feridas,Plena noite,Ceu Claro,Múltipla,Urbano,(null),Ferido Grave,-1.0,Não Informado
312384,06/12/2007,RN,101,PARNAMIRIM,Desobediência à sinalização,Colisão Transversal,Com Vítimas Feridas,Plena noite,Ceu Claro,Múltipla,Urbano,Motocicletas,Ferido Grave,32.0,Masculino
312384,06/12/2007,RN,101,PARNAMIRIM,Desobediência à sinalização,Colisão Transversal,Com Vítimas Feridas,Plena noite,Ceu Claro,Múltipla,Urbano,Motocicletas,Ferido Leve ,30.0,Não Informado
312384,06/12/2007,RN,101,PARNAMIRIM,Desobediência à sinalização,Colisão Transversal,Com Vítimas Feridas,Plena noite,Ceu Claro,Múltipla,Urbano,Automóvel,Ignorado    ,-1.0,Não Informado
312402,03/12/2007,RN,101,PARNAMIRIM,Outras,Colisão Transversal,Sem Vítimas        ,Pleno dia,Ceu Claro,Dupla   ,Urbano,Automóvel,Ileso       ,48.0,Masculino
312402,03/12/2007,RN,101,PARNAMIRIM,Outras,Colisão Transversal,Sem Vítimas        ,Pleno dia,Ceu Claro,Dupla   ,Urbano,Automóvel,Ileso       ,25.0,Masculino
312420,02/12/2007,RN,101,NATAL,Velocidade incompatível,Danos Eventuais,Com Vítimas Feridas,Pleno dia,Ceu Claro,Múltipla,Urbano,Ônibus,Ileso       ,37.0,Masculino
312420,02/12/2007,RN,101,NATAL,Velocidade incompatível,Danos Eventuais,Com Vítimas Feridas,Pleno dia,Ceu Claro,Múltipla,Urbano,Ônibus,Ferido Leve ,52.0,Feminino
312475,04/12/2007,RN,101,PARNAMIRIM,Não guardar distância de segurança,Colisão traseira,Sem Vítimas        ,Pleno dia,Ceu Claro,Dupla   ,Urbano,Camioneta,Ileso       ,29.0,Masculino
312475,04/12/2007,RN,101,PARNAMIRIM,Não guardar distância de segurança,Colisão traseira,Sem Vítimas        ,Pleno dia,Ceu Claro,Dupla   ,Urbano,Automóvel,Ileso       ,51.0,Masculino
312523,02/12/2007,RN,101,PARNAMIRIM,Falta de atenção,Colisão traseira,Sem Vítimas        ,Plena noite,Ceu Claro,Simples ,Urbano,Automóvel,Ileso       ,58.0,Masculino
312523,02/12/2007,RN,101,PARNAMIRIM,Falta de atenção,Colisão traseira,Sem Vítimas        ,Plena noite,Ceu Claro,Simples ,Urbano,Automóvel,Ileso       ,31.0,Masculino
312638,10/12/2007,RN,110,MOSSORO,Animais na Pista,Atropelamento de animal,Com Vítimas Feridas,Anoitecer,Ceu Claro,Simples ,Urbano,Motocicletas,Ferido Leve ,30.0,Masculino
312685,10/12/2007,RN,101,NATAL,Falta de atenção,Colisão traseira,Com Vítimas Feridas,Anoitecer,Ceu Claro,Múltipla,Urbano,Automóvel,Ileso       ,27.0,Masculino
312685,10/12/2007,RN,101,NATAL,Falta de atenção,Colisão traseira,Com Vítimas Feridas,Anoitecer,Ceu Claro,Múltipla,Urbano,Motoneta,Ferido Leve ,19.0,Masculino
312686,10/12/2007,RN,101,SAO GONCALO DO AMARANTE,Outras,Colisão traseira,Sem Vítimas        ,Pleno dia,Sol,Dupla   ,Urbano,Automóvel,Ileso       ,73.0,Masculino
312686,10/12/2007,RN,101,SAO GONCALO DO AMARANTE,Outras,Colisão traseira,Sem Vítimas        ,Pleno dia,Sol,Dupla   ,Urbano,Caminhão,Ileso       ,41.0,Masculino
312765,10/12/2007,RN,304,MOSSORO,Desobediência à sinalização,Colisão Transversal,Sem Vítimas        ,Pleno dia,Ceu Claro,Simples ,Urbano,Automóvel,Ileso       ,34.0,Masculino
312765,10/12/2007,RN,304,MOSSORO,Desobediência à sinalização,Colisão Transversal,Sem Vítimas        ,Pleno dia,Ceu Claro,Simples ,Urbano,Automóvel,Ileso       ,56.0,Masculino
312777,10/12/2007,RN,304,MOSSORO,Falta de atenção,Atropelamento de pessoa,Com Vítimas Fatais ,Plena noite,Ceu Claro,Simples ,Urbano,(null),Morto       ,54.0,Masculino
312777,10/12/2007,RN,304,MOSSORO,Falta de atenção,Atropelamento de pessoa,Com Vítimas Fatais ,Plena noite,Ceu Claro,Simples ,Urbano,Ônibus,Ileso       ,51.0,Masculino
312792,10/12/2007,RN,304,PARNAMIRIM,Não guardar distância de segurança,Colisão traseira,Sem Vítimas        ,Pleno dia,Ceu Claro,Dupla   ,Urbano,Automóvel,Ileso       ,32.0,Masculino
312792,10/12/2007,RN,304,PARNAMIRIM,Não guardar distância de segurança,Colisão traseira,Sem Vítimas        ,Pleno dia,Ceu Claro,Dupla   ,Urbano,Automóvel,Ileso       ,48.0,Masculino
312956,07/12/2007,RN,101,NATAL,Falta de atenção,Colisão lateral,Com Vítimas Feridas,Pleno dia,Sol,Múltipla,Urbano,Motocicletas,Ferido Leve ,25.0,Masculino
312956,07/12/2007,RN,101,NATAL,Falta de atenção,Colisão lateral,Com Vítimas Feridas,Pleno dia,Sol,Múltipla,Urbano,Automóvel,Ileso       ,38.0,Feminino
312972,08/12/2007,RN,406,SAO GONCALO DO AMARANTE,Outras,Colisão traseira,Sem Vítimas        ,Plena noite,Ceu Claro,Simples ,Rural ,Automóvel,Ileso       ,27.0,Masculino
312972,08/12/2007,RN,406,SAO GONCALO DO AMARANTE,Outras,Colisão traseira,Sem Vítimas        ,Plena noite,Ceu Claro,Simples ,Rural ,Camioneta,Ignorado    ,-1.0,Não Informado
312993,08/12/2007,RN,406,SAO GONCALO DO AMARANTE,Falta de atenção,Saída de Pista,Ignorado           ,Plena noite,Ceu Claro,Simples ,Urbano,Caminhão,Ignorado    ,-1.0,Não Informado
313015,07/12/2007,RN,101,PARNAMIRIM,Ultrapassagem indevida,Colisão lateral,Sem Vítimas        ,Pleno dia,Sol,Simples ,Urbano,Camioneta,Ileso       ,74.0,Masculino
313015,07/12/2007,RN,101,PARNAMIRIM,Ultrapassagem indevida,Colisão lateral,Sem Vítimas        ,Pleno dia,Sol,Simples ,Urbano,Automóvel,Ileso       ,40.0,Masculino
313066,11/12/2007,RN,101,NATAL,Não guardar distância de segurança,Colisão traseira,Sem Vítimas        ,Pleno dia,Ceu Claro,Simples ,Urbano,Automóvel,Ileso       ,32.0,Feminino
313066,11/12/2007,RN,101,NATAL,Não guardar distância de segurança,Colisão traseira,Sem Vítimas        ,Pleno dia,Ceu Claro,Simples ,Urbano,Automóvel,Ileso       ,-1.0,Não Informado
313089,09/11/2007,RN,101,PARNAMIRIM,Não guardar distância de segurança,Colisão lateral,Com Vítimas Feridas,Plena noite,Ceu Claro,Simples ,Urbano,Motocicletas,Ferido Grave,35.0,Masculino
313089,09/11/2007,RN,101,PARNAMIRIM,Não guardar distância de segurança,Colisão lateral,Com Vítimas Feridas,Plena noite,Ceu Claro,Simples ,Urbano,Caminhão,Ignorado    ,-1.0,Não Informado
313288,03/12/2007,RN,101,NATAL,Não guardar distância de segurança,Colisão traseira,Sem Vítimas        ,Plena noite,Ceu Claro,Dupla   ,Urbano,Automóvel,Ileso       ,46.0,Masculino
313288,03/12/2007,RN,101,NATAL,Não guardar distância de segurança,Colisão traseira,Sem Vítimas        ,Plena noite,Ceu Claro,Dupla   ,Urbano,Automóvel,Ileso       ,45.0,Masculino
313288,03/12/2007,RN,101,NATAL,Não guardar distância de segurança,Colisão traseira,Sem Vítimas        ,Plena noite,Ceu Claro,Dupla   ,Urbano,Caminhão,Ileso       ,39.0,Masculino
313367,09/12/2007,RN,101,NATAL,Outras,Colisão com objeto fixo,Sem Vítimas        ,Plena noite,Ceu Claro,Dupla   ,Urbano,Automóvel,Ileso       ,24.0,Masculino
313368,03/12/2007,RN,101,NATAL,Falta de atenção,Colisão lateral,Sem Vítimas        ,Plena noite,Ceu Claro,Múltipla,Urbano,Ônibus,Ileso       ,46.0,Masculino
313368,03/12/2007,RN,101,NATAL,Falta de atenção,Colisão lateral,Sem Vítimas        ,Plena noite,Ceu Claro,Múltipla,Urbano,Camioneta,Ileso       ,48.0,Masculino
313407,08/12/2007,RN,101,PARNAMIRIM,Desobediência à sinalização,Colisão Transversal,Com Vítimas Feridas,Pleno dia,Ceu Claro,Dupla   ,Urbano,Automóvel,Ferido Leve ,47.0,Feminino
313407,08/12/2007,RN,101,PARNAMIRIM,Desobediência à sinalização,Colisão Transversal,Com Vítimas Feridas,Pleno dia,Ceu Claro,Dupla   ,Urbano,Automóvel,Ferido Leve ,37.0,Feminino
313407,08/12/2007,RN,101,PARNAMIRIM,Desobediência à sinalização,Colisão Transversal,Com Vítimas Feridas,Pleno dia,Ceu Claro,Dupla   ,Urbano,Caminhonete,Ileso       ,35.0,Masculino
313407,08/12/2007,RN,101,PARNAMIRIM,Desobediência à sinalização,Colisão Transversal,Com Vítimas Feridas,Pleno dia,Ceu Claro,Dupla   ,Urbano,Automóvel,Ileso       ,31.0,Masculino
313414,09/12/2007,RN,101,NATAL,Ingestão de álcool,Colisão traseira,Sem Vítimas        ,Amanhecer,Ceu Claro,Dupla   ,Urbano,Automóvel,Ileso       ,25.0,Masculino
313414,09/12/2007,RN,101,NATAL,Ingestão de álcool,Colisão traseira,Sem Vítimas        ,Amanhecer,Ceu Claro,Dupla   ,Urbano,Automóvel,Ileso       ,43.0,Masculino
313414,09/12/2007,RN,101,NATAL,Ingestão de álcool,Colisão traseira,Sem Vítimas        ,Amanhecer,Ceu Claro,Dupla   ,Urbano,Automóvel,Ileso       ,32.0,Masculino
313437,09/12/2007,RN,110,MOSSORO,Ingestão de álcool,Colisão com objeto fixo,Com Vítimas Feridas,Amanhecer,Ceu Claro,Dupla   ,Urbano,Automóvel,Ferido Leve ,26.0,Masculino
313439,08/12/2007,RN,304,MACAIBA,Ingestão de álcool,Queda de motocicleta / bicicleta / veículo,Com Vítimas Feridas,Plena noite,Ceu Claro,Simples ,Rural ,Motocicletas,Ferido Leve ,30.0,Masculino
313439,08/12/2007,RN,304,MACAIBA,Ingestão de álcool,Queda de motocicleta / bicicleta / veículo,Com Vítimas Feridas,Plena noite,Ceu Claro,Simples ,Rural ,Motocicletas,Ferido Leve ,49.0,Masculino
313462,07/12/2007,RN,101,PARNAMIRIM,Outras,Saída de Pista,Com Vítimas Feridas,Pleno dia,Sol,Simples ,Rural ,Caminhão,Ferido Leve ,39.0,Masculino
313486,11/12/2007,RN,101,NATAL,Não guardar distância de segurança,Colisão traseira,Sem Vítimas        ,Pleno dia,Sol,Dupla   ,Urbano,Caminhonete,Ileso       ,52.0,Masculino
313486,11/12/2007,RN,101,NATAL,Não guardar distância de segurança,Colisão traseira,Sem Vítimas        ,Pleno dia,Sol,Dupla   ,Urbano,Automóvel,Ileso       ,34.0,Masculino
313499,08/12/2007,RN,101,SAO GONCALO DO AMARANTE,Não guardar distância de segurança,Colisão traseira,Sem Vítimas        ,Pleno dia,Ceu Claro,Dupla   ,Urbano,Automóvel,Ileso       ,21.0,Masculino
313499,08/12/2007,RN,101,SAO GONCALO DO AMARANTE,Não guardar distância de segurança,Colisão traseira,Sem Vítimas        ,Pleno dia,Ceu Claro,Dupla   ,Urbano,Automóvel,Ileso       ,68.0,Masculino
313528,12/12/2007,RN,304,ANGICOS,Falta de atenção,Saída de Pista,Sem Vítimas        ,Plena noite,Ceu Claro,Simples ,Rural ,Caminhão,Ileso       ,25.0,Masculino
313534,08/12/2007,RN,101,NATAL,Falta de atenção,Colisão lateral,Sem Vítimas        ,Plena noite,Sol,Dupla   ,Urbano,Automóvel,Ileso       ,43.0,Masculino
313534,08/12/2007,RN,101,NATAL,Falta de atenção,Colisão lateral,Sem Vítimas        ,Plena noite,Sol,Dupla   ,Urbano,Caminhão-Trator,Ileso       ,41.0,Masculino
313547,08/12/2007,RN,101,NATAL,Falta de atenção,Colisão lateral,Sem Vítimas        ,Pleno dia,Sol,Dupla   ,Urbano,Caminhão,Ileso       ,28.0,Masculino
313547,08/12/2007,RN,101,NATAL,Falta de atenção,Colisão lateral,Sem Vítimas        ,Pleno dia,Sol,Dupla   ,Urbano,Automóvel,Ileso       ,33.0,Masculino
313557,11/12/2007,RN,427,CURRAIS NOVOS,Outras,Capotamento,Sem Vítimas        ,Pleno dia,Ceu Claro,Simples ,Rural ,Caminhonete,Ileso       ,23.0,Não Informado
313557,11/12/2007,RN,427,CURRAIS NOVOS,Outras,Capotamento,Sem Vítimas        ,Pleno dia,Ceu Claro,Simples ,Rural ,Não identificado,Ileso       ,-1.0,Não Informado
313558,12/12/2007,RN,101,PARNAMIRIM,Outras,Colisão lateral,Com Vítimas Feridas,Pleno dia,Sol,Dupla   ,Urbano,Motocicletas,Ferido Leve ,44.0,Masculino
313558,12/12/2007,RN,101,PARNAMIRIM,Outras,Colisão lateral,Com Vítimas Feridas,Pleno dia,Sol,Dupla   ,Urbano,Motocicletas,Ferido Leve ,33.0,Feminino
313645,12/12/2007,RN,101,NATAL,Não guardar distância de segurança,Colisão traseira,Sem Vítimas        ,Pleno dia,Ceu Claro,Dupla   ,Urbano,Caminhonete,Ileso       ,37.0,Masculino
313645,12/12/2007,RN,101,NATAL,Não guardar distância de segurança,Colisão traseira,Sem Vítimas        ,Pleno dia,Ceu Claro,Dupla   ,Urbano,Automóvel,Ileso       ,19.0,Masculino
313667,12/12/2007,RN,101,SAO GONCALO DO AMARANTE,Falta de atenção,Colisão traseira,Sem Vítimas        ,Pleno dia,Ceu Claro,Dupla   ,Urbano,Automóvel,Ileso       ,35.0,Masculino
313667,12/12/2007,RN,101,SAO GONCALO DO AMARANTE,Falta de atenção,Colisão traseira,Sem Vítimas        ,Pleno dia,Ceu Claro,Dupla   ,Urbano,Automóvel,Ileso       ,44.0,Masculino
313685,11/12/2007,RN,101,NATAL,Falta de atenção,Colisão traseira,Sem Vítimas        ,Pleno dia,Ceu Claro,Dupla   ,Urbano,Automóvel,Ileso       ,22.0,Feminino
313685,11/12/2007,RN,101,NATAL,Falta de atenção,Colisão traseira,Sem Vítimas        ,Pleno dia,Ceu Claro,Dupla   ,Urbano,Automóvel,Ileso       ,30.0,Feminino
313720,30/11/2007,RN,101,SAO GONCALO DO AMARANTE,Falta de atenção,Colisão com bicicleta,Com Vítimas Feridas,Plena noite,Ceu Claro,Dupla   ,Urbano,Motocicletas,Ferido Grave,35.0,Masculino
313720,30/11/2007,RN,101,SAO GONCALO DO AMARANTE,Falta de atenção,Colisão com bicicleta,Com Vítimas Feridas,Plena noite,Ceu Claro,Dupla   ,Urbano,Bicicleta,Ferido Grave,19.0,Masculino
313722,08/12/2007,RN,101,NATAL,Falta de atenção,Colisão traseira,Sem Vítimas        ,Pleno dia,Ceu Claro,Dupla   ,Urbano,Automóvel,Ileso       ,30.0,Masculino
313722,08/12/2007,RN,101,NATAL,Falta de atenção,Colisão traseira,Sem Vítimas        ,Pleno dia,Ceu Claro,Dupla   ,Urbano,Automóvel,Ileso       ,42.0,Masculino
313743,08/12/2007,RN,101,NATAL,Falta de atenção,Colisão Transversal,Sem Vítimas        ,Plena noite,Ceu Claro,Simples ,Urbano,Camioneta,Ileso       ,36.0,Masculino
313743,08/12/2007,RN,101,NATAL,Falta de atenção,Colisão Transversal,Sem Vítimas        ,Plena noite,Ceu Claro,Simples ,Urbano,Automóvel,Ileso       ,27.0,Feminino
313752,12/12/2007,RN,101,PARNAMIRIM,Desobediência à sinalização,Colisão Transversal,Sem Vítimas        ,Pleno dia,Ceu Claro,Dupla   ,Urbano,Camioneta,Ileso       ,35.0,Masculino
313752,12/12/2007,RN,101,PARNAMIRIM,Desobediência à sinalização,Colisão Transversal,Sem Vítimas        ,Pleno dia,Ceu Claro,Dupla   ,Urbano,Caminhão,Ileso       ,46.0,Masculino
313789,12/12/2007,RN,101,NATAL,Não guardar distância de segurança,Colisão traseira,Sem Vítimas        ,Plena noite,Ceu Claro,Dupla   ,Urbano,Caminhonete,Ileso       ,33.0,Masculino
313789,12/12/2007,RN,101,NATAL,Não guardar distância de segurança,Colisão traseira,Sem Vítimas        ,Plena noite,Ceu Claro,Dupla   ,Urbano,Motocicletas,Ileso       ,19.0,Masculino
313789,12/12/2007,RN,101,NATAL,Não guardar distância de segurança,Colisão traseira,Sem Vítimas        ,Plena noite,Ceu Claro,Dupla   ,Urbano,Camioneta,Ileso       ,44.0,Masculino
313822,13/12/2007,RN,101,NATAL,Outras,Capotamento,Ignorado           ,Plena noite,Chuva,Dupla   ,Urbano,Automóvel,Ignorado    ,-1.0,Não Informado
313870,08/12/2007,RN,406,SAO GONCALO DO AMARANTE,Não guardar distância de segurança,Colisão traseira,Sem Vítimas        ,Plena noite,Ceu Claro,Simples ,Urbano,Automóvel,Ileso       ,24.0,Masculino
313870,08/12/2007,RN,406,SAO GONCALO DO AMARANTE,Não guardar distância de segurança,Colisão traseira,Sem Vítimas        ,Plena noite,Ceu Claro,Simples ,Urbano,Motocicletas,Ignorado    ,-1.0,Não Informado
313871,07/12/2007,RN,405,MOSSORO,Velocidade incompatível,Saída de Pista,Com Vítimas Feridas,Plena noite,Ceu Claro,Dupla   ,Urbano,Motocicletas,Ferido Grave,18.0,Feminino
313871,07/12/2007,RN,405,MOSSORO,Velocidade incompatível,Saída de Pista,Com Vítimas Feridas,Plena noite,Ceu Claro,Dupla   ,Urbano,Motocicletas,Ferido Leve ,22.0,Feminino
313894,11/12/2007,RN,101,NATAL,Não guardar distância de segurança,Colisão traseira,Sem Vítimas        ,Plena noite,Ceu Claro,Dupla   ,Urbano,Automóvel,Ileso       ,31.0,Masculino
313894,11/12/2007,RN,101,NATAL,Não guardar distância de segurança,Colisão traseira,Sem Vítimas        ,Plena noite,Ceu Claro,Dupla   ,Urbano,Motocicletas,Ileso       ,25.0,Masculino
313899,11/12/2007,RN,226,SANTA CRUZ,Falta de atenção,Colisão lateral,Com Vítimas Feridas,Pleno dia,Ceu Claro,Simples ,Urbano,Camioneta,Ileso       ,48.0,Masculino
313899,11/12/2007,RN,226,SANTA CRUZ,Falta de atenção,Colisão lateral,Com Vítimas Feridas,Pleno dia,Ceu Claro,Simples ,Urbano,Motocicletas,Ferido Grave,63.0,Masculino
313899,11/12/2007,RN,226,SANTA CRUZ,Falta de atenção,Colisão lateral,Com Vítimas Feridas,Pleno dia,Ceu Claro,Simples ,Urbano,Motocicletas,Ferido Leve ,20.0,Feminino
313899,11/12/2007,RN,226,SANTA CRUZ,Falta de atenção,Colisão lateral,Com Vítimas Feridas,Pleno dia,Ceu Claro,Simples ,Urbano,Motocicletas,Ferido Leve ,1.0,Masculino
313933,13/12/2007,RN,101,PARNAMIRIM,Falta de atenção,Colisão traseira,Sem Vítimas        ,Pleno dia,Ceu Claro,Dupla   ,Urbano,Automóvel,Ileso       ,33.0,Masculino
313933,13/12/2007,RN,101,PARNAMIRIM,Falta de atenção,Colisão traseira,Sem Vítimas        ,Pleno dia,Ceu Claro,Dupla   ,Urbano,Automóvel,Ileso       ,24.0,Masculino
313996,23/11/2007,RN,226,SAO VICENTE,Falta de atenção,Colisão Transversal,Com Vítimas Feridas,Anoitecer,Ceu Claro,Simples ,Urbano,Caminhão,Ileso       ,34.0,Masculino
313996,23/11/2007,RN,226,SAO VICENTE,Falta de atenção,Colisão Transversal,Com Vítimas Feridas,Anoitecer,Ceu Claro,Simples ,Urbano,Camioneta,Ferido Grave,66.0,Masculino
314003,06/12/2007,RN,101,PARNAMIRIM,Outras,Colisão Transversal,Com Vítimas Feridas,Plena noite,Ceu Claro,Dupla   ,Urbano,Motocicletas,Ferido Leve ,33.0,Masculino
314010,11/12/2007,RN,101,PARNAMIRIM,Outras,Colisão Transversal,Sem Vítimas        ,Pleno dia,Sol,Dupla   ,Urbano,Automóvel,Ileso       ,45.0,Masculino
314010,11/12/2007,RN,101,PARNAMIRIM,Outras,Colisão Transversal,Sem Vítimas        ,Pleno dia,Sol,Dupla   ,Urbano,Automóvel,Ileso       ,-1.0,Não Informado
314241,13/12/2007,RN,101,NATAL,Falta de atenção,Colisão Transversal,Sem Vítimas        ,Pleno dia,Ceu Claro,Dupla   ,Urbano,Automóvel,Ileso       ,20.0,Feminino
314241,13/12/2007,RN,101,NATAL,Falta de atenção,Colisão Transversal,Sem Vítimas        ,Pleno dia,Ceu Claro,Dupla   ,Urbano,Camioneta,Ileso       ,55.0,Masculino
314257,13/12/2007,RN,110,CAMPO GRANDE,Velocidade incompatível,Colisão traseira,Sem Vítimas        ,Pleno dia,Ceu Claro,Simples ,Rural ,Caminhão,Ileso       ,31.0,Masculino
314257,13/12/2007,RN,110,CAMPO GRANDE,Velocidade incompatível,Colisão traseira,Sem Vítimas        ,Pleno dia,Ceu Claro,Simples ,Rural ,Automóvel,Ileso       ,37.0,Feminino
314287,13/12/2007,RN,304,MOSSORO,Outras,Colisão com bicicleta,Com Vítimas Fatais ,Plena noite,Ceu Claro,Simples ,Urbano,Bicicleta,Morto       ,27.0,Masculino
314287,13/12/2007,RN,304,MOSSORO,Outras,Colisão com bicicleta,Com Vítimas Fatais ,Plena noite,Ceu Claro,Simples ,Urbano,Ônibus,Ignorado    ,-1.0,Não Informado
314347,11/12/2007,RN,101,PARNAMIRIM,Outras,Colisão lateral,Com Vítimas Feridas,Amanhecer,Nublado,Dupla   ,Urbano,Automóvel,Ileso       ,22.0,Masculino
314347,11/12/2007,RN,101,PARNAMIRIM,Outras,Colisão lateral,Com Vítimas Feridas,Amanhecer,Nublado,Dupla   ,Urbano,Microônibus,Ileso       ,33.0,Masculino